お仕事No.,応募数 合計
2203556553,2.3973604780733058
2203515280,4.283652903324762
2203546900,3.621082789409089
2203545344,3.8661692219069734
2203557987,1.0548430741600445
2203511565,2.397895272798371
2203525420,3.467883323052896
2203494391,1.9708294409969471
2203509988,3.41257826348057
2203554385,1.688803389654312
2203554555,2.3724960465332283
2203559938,0.40237843251122607
2203546898,2.337746806657479
2203537199,2.7977323488123798
2203509659,3.70270578026213
2203526411,2.5479109011074095
2203558348,1.7713448722532845
2203527442,1.7726817936764252
2203548920,2.331955095475924
2203539381,1.7634156075442025
2203548939,1.914241118607169
2203514393,3.1922740603773714
2203540200,2.7458018073806056
2203552261,1.4577162303369033
2203523737,2.4248659013891465
2203511772,1.706885890547504
2203538462,2.7982169544915743
2203545202,3.022788297784863
2203501746,3.26041777983409
2203551617,2.2871452592763744
2203554360,1.2610197672304273
2203467767,2.9140762057423792
2203559180,0.7290553402454163
2203526166,2.061156135856662
2203495958,2.6390573296152584
2203552588,1.446296829669605
2203546087,3.144208511121707
2203557223,1.609047252689352
2203551388,2.158105745518534
2203553871,1.0687249244989772
2203528893,1.0817295720477347
2203532652,1.3021646505690676
2203558645,1.3186041487118931
2203517850,2.617618859122676
2203526826,2.926842786450293
2203557114,0.7969686413129511
2203559887,0.44015136157172463
2203536595,3.1821029866485455
2203555803,0.9804784004456097
2203553962,0.4294084159740207
2203508238,2.1377131264307456
2203550996,1.7333660846256305
2203558732,1.5282021417404485
2203523111,1.6695830932215447
2203542663,1.9208852925951845
2203531347,3.041339460346655
2203504071,1.4608858563230804
2203548891,0.8773222258255942
2203556983,1.7053026982445973
2203526244,3.1421813606037667
2203505822,2.1564034519459097
2203555760,0.4703552307060247
2203559881,0.5989903564473188
2203556204,1.1014926299217358
2203522916,1.7144597452285377
2203540706,1.633443564759549
2203535805,1.7386686786878947
2203550569,1.9217511880830904
2203560065,1.1090354888959124
2203554152,0.7521948705917896
2203558707,1.4639321327083967
2203536025,2.454700032180564
2203556657,0.18962030304612942
2203554919,1.269373922888916
2203548209,1.3101162733552099
2203559357,0.023104906018664842
2203534402,2.0630292943338495
2203549990,0.5745800645283043
2203556312,0.5925579507086666
2203550931,1.7077911363147877
2203506584,2.0794415416798357
2203556533,0.9902121688649569
2203554930,1.539738595418969
2203550201,1.5184662474129904
2203557199,2.371567227353082
2203545333,2.3979066218420826
2203470445,1.9886813683556603
2203552444,1.1174392798287243
2203547445,1.7743624000875358
2203554851,1.317657194732814
2203551513,2.22449315565941
2203541013,2.1238794470574582
2203525798,1.6463416967943334
2203531242,1.8707646828765756
2203556362,0.17005986908310777
2203539995,0.7680792964444958
2203553418,0.8836190633211507
2203556394,2.273041568739904
2203536899,1.6600618242448744
2203558980,1.425694543568134
2203520412,0.6931471805599453
2203555115,1.044270980343304
2203559140,1.3054054544232954
2203559289,0.5322531585376576
2203559337,0.5545177444479562
2203508914,2.578488737757744
2203537373,0.8007413852042646
2203520321,1.4721782948992406
2203545682,2.1068779280603844
2203535788,2.669691324775248
2203545476,0.6931471805599453
2203531107,1.2567298116509404
2203559834,0.0
2203555325,1.6343698315688138
2203505337,1.8396821805884973
2203554041,0.296229227600911
2203534249,1.1842983826407407
2203512438,2.7427769078853066
2203549488,2.4484350052943404
2203519812,3.3450648251555477
2203537393,0.6238324625039507
2203470577,2.4930094508115475
2203559873,0.06931471805599453
2203529749,0.9813110606246012
2203555033,2.364891788728406
2203530605,1.3706324617393415
2203558818,0.6847504767698704
2203552466,0.4503041029465572
2203544503,1.5884498531220337
2203533521,2.3084246241695916
2203510456,1.1203656079479885
2203540838,0.24330881462231177
2203558540,1.4496944686365338
2203548293,0.9131120017086245
2203515868,0.309313258805485
2203558121,0.9347512841445015
2203490910,2.5548754342335958
2203515598,2.238754180591346
2203558605,1.7927906490204042
2203555034,0.927385174109836
2203516555,1.845310639322297
2203520581,1.9955342705480668
2203550726,0.6931471805599453
2203549224,0.6931471805599453
2203560047,0.5052918070051777
2203553869,0.014592572222314637
2203530089,1.4434598239684167
2203558998,1.0687249244989772
2203553951,0.8547124067212506
2203545409,1.099783398594592
2203531747,2.553492490562971
2203551308,0.13668519407404597
2203546600,0.8234112090734499
2203526516,1.1841501423907776
2203516192,0.7098007167162558
2203505481,2.0223413304515523
2203539342,2.352683807711074
2203553728,2.034802656066792
2203559708,1.1095310340590792
2203559408,1.421552126312129
2203555633,0.6238324625039507
2203558672,0.21769592092419612
2203559311,1.1866932535537196
2203493732,1.4177267730737846
2203521177,2.9834124408195346
2203559072,0.8461421542092351
2203536923,0.4734297653060932
2203544600,1.4584972387951314
2203537208,0.7194618178960059
2203559431,0.4130566577227105
2203558069,0.24035445478065603
2203543492,2.2887348164164996
2203528382,1.8295562787975197
2203490372,2.1564034519459097
2203553404,1.1394402320993964
2203556405,0.9068236535788261
2203557773,1.9670486972710293
2203517069,2.310886985622727
2203558375,0.46221211988419986
2203548832,0.3869721683792745
2203556721,1.633818633117802
2203555367,0.8969220546368077
2203550740,0.0
2203556805,0.8302694151190793
2203558247,2.111759331925707
2203529373,1.4090040902603012
2203555759,1.45929796540098
2203552507,1.5606469145427275
2203526249,1.324909894572728
2203558978,0.06931471805599453
2203485986,2.0755054122993695
2203552678,0.7969686413129511
2203482084,0.7658808680057169
2203557975,0.9718834151418438
2203506122,2.2454958092573745
2203543130,1.951829513568932
2203531125,2.7089374036948604
2203537714,1.0663832833380678
2203512320,2.110401653909514
2203556876,1.362859328372886
2203559960,0.6752131069980456
2203558581,0.39889840465642745
2203549503,0.4208393596256811
2203539533,1.3862943611198906
2203504099,1.128457112818745
2203521163,0.7147646133371571
2203548070,0.8395686629461464
2203547727,1.0440062307923452
2203551817,2.2380212595244355
2203456354,2.0437667769526104
2203555568,0.6323708807230954
2203558365,1.5658794529637103
2203548609,1.5315803840432367
2203555205,0.11512925464970229
2203551593,0.2816289059340296
2203523845,2.657748319087541
2203536828,1.2706735662868889
2203559400,1.436629308081014
2203552271,1.6992365948356756
2203559030,2.553492490562971
2203557511,0.9605039502044956
2203559918,0.6125058600509243
2203529052,1.7762605756777987
2203541977,1.6989331374987793
2203548166,1.665421707012411
2203508498,1.0986122886681096
2203544266,1.872970514323527
2203559157,0.737680599654136
2203551846,0.4833529010758416
2203557952,0.4394449154672439
2203537524,0.0
2203526654,2.54326655068811
2203543743,1.791759469228055
2203560023,1.5818861589976223
2203524319,0.0
2203559440,0.6011157713827451
2203551549,0.5625697321050998
2203553551,0.9529337813771452
2203546287,1.2142066207083224
2203465599,1.7871020218242308
2203509562,1.6071280360716584
2203558894,0.8270102807130776
2203554790,0.48520302639196167
2203557095,1.1654758622189545
2203558970,1.0390577539298878
2203527260,1.430156692879159
2203555917,0.2475350894435752
2203551251,0.8788898309344878
2203482674,1.8033520870959445
2203557736,0.23952666289247754
2203526057,0.994713893693179
2203540404,1.8002584551118574
2203536042,0.21127069793100595
2203535595,1.7568145041758805
2203549461,0.0
2203559081,1.459515225799297
2203559837,0.9883284845218607
2203548827,0.0
2203530478,1.4334274623574388
2203558285,0.47162629621699576
2203553081,1.2529067431393544
2203518798,0.358351893845611
2203543552,1.0868165839993513
2203559123,0.13540251005511053
2203555637,1.2829998357048162
2203552948,0.0
2203553994,1.2954615456820764
2203539620,1.3678048525473532
2203558606,1.729023962608668
2203559294,1.336595466012636
2203534113,0.8940898480556061
2203522648,0.6875516345003239
2203475337,2.540577099222198
2203546472,2.7305784072165413
2203555627,1.44849412119069
2203557490,0.023104906018664842
2203557525,0.8706788354179567
2203557478,1.2883242871566982
2203557757,0.4197347695889636
2203559854,0.6238324625039507
2203555924,1.0866305648562493
2203540727,1.2612251122336169
2203529579,1.0341895963687828
2203557314,0.5418882419664544
2203543274,0.7188715205270559
2203542056,0.5802632111544684
2203553234,0.01980420515885558
2203557602,0.48520302639196167
2203543660,1.6307318977222411
2203559022,0.7161810172807408
2203559380,0.5348217399003458
2203556112,0.7698197924569514
2203546486,1.4086031110851964
2203514164,0.2860057295024726
2203556194,0.7405973820420783
2203469907,1.4240206929426673
2203516439,1.295803082008509
2203559877,0.9417596187946102
2203558587,0.7632537306116917
2203556081,0.13862943611198905
2203539792,1.2324392629560905
2203550991,0.8166050952009384
2203539501,0.2595176051025033
2203525758,1.1610215274379083
2203549053,0.4197347695889636
2203531586,0.884282111493434
2203535877,1.0941614409215188
2203556979,0.3302812325150458
2203559459,0.6757626780640515
2203542731,1.683536048779296
2203559406,0.5170102221346082
2203559615,0.10955066586684703
2203559941,0.3809344927252535
2203506697,0.6499118166163027
2203555403,1.7305393385425905
2203524536,0.0
2203554563,2.462362261245564
2203527460,1.8616778132925613
2203559075,0.01732867951399863
2203503541,0.449732522523597
2203545613,0.5743841162344733
2203527273,1.630918047937478
2203559744,1.225337546454261
2203558556,1.4672706705883418
2203513202,0.5743658078433611
2203559899,0.7610885300763689
2203559115,0.8356417026666854
2203559211,0.3986080253697484
2203559482,0.0
2203523505,0.39962737275739735
2203506216,2.1231390654988505
2203542350,1.3330502245102362
2203559339,0.8302348813668019
2203522439,2.1565175560220955
2203554486,0.5309694961435285
2203556373,0.9384239447259768
2203556760,0.9587889064739867
2203505364,0.3640151950721243
2203524806,0.8935387416059333
2203557581,0.9070320788203423
2203507681,0.7977587734731293
2203551358,0.5885583703905224
2203559367,0.5941564549241641
2203508367,1.5955533223927252
2203558431,0.4669740037514031
2203535000,1.4525323567232367
2203533207,0.8583552745253697
2203550112,1.0953796189411786
2203543569,2.2887348164164996
2203559865,0.09887510598012987
2203537305,0.45263659377439874
2203559643,0.20794415416798356
2203553957,0.6167967711686764
2203548372,0.0
2203555713,1.0572499199769978
2203537434,0.27548692194895014
2203509817,0.046209812037329684
2203557320,0.0
2203542564,2.0321793788799996
2203523823,1.1055697529931128
2203547782,1.4760301993357587
2203558893,0.5690784006785341
2203458790,0.5925426907150046
2203527092,1.430156692879159
2203519871,0.6870686376749766
2203532497,0.9973617764723658
2203511183,1.2663221285522357
2203554078,0.7845244846118244
2203554460,0.3828186433274963
2203547835,0.5087596335232385
2203550228,0.8875773538289555
2203538439,0.6965746545423993
2203483712,0.6399416581491739
2203556748,0.19408121055678468
2203526613,1.872970514323527
2203549194,1.1642733318652403
2203528287,1.4523821531190066
2203532110,2.0108232568031608
2203548501,2.0538758258652963
2203549116,1.2074201951322152
2203558575,0.2816289059340296
2203543239,0.9309235046719475
2203523230,0.8275867564227513
2203558050,0.6564503515976486
2203558982,0.13862943611198902
2203551902,0.8322101587934894
2203555570,0.4896068627878667
2203558910,0.04532116180584257
2203558938,0.5882682937869568
2203557198,0.7413198367999991
2203496246,1.4268499025238364
2203523813,1.8510952913718204
2203554046,0.41033793238760696
2203505049,1.6693435668092569
2203553237,1.4667262768700855
2203557075,0.9668274279813962
2203556406,0.34448895023441206
2203532048,1.482989900022715
2203549151,0.7865504510788021
2203545207,1.3184846956672163
2203549069,0.364765437273257
2203513808,0.9303442688032216
2203469528,1.8746543702638072
2203546408,1.5536899187919615
2203514900,0.2641665221022834
2203541528,0.43173167246305166
2203553753,0.16094379124341004
2203558954,0.13862943611198902
2203559195,0.5578484516792183
2203560058,0.17001835864536363
2203554380,0.9439256248153247
2203554766,1.1461887818013712
2203557374,1.3676082179846367
2203557269,2.0356302660192447
2203544974,0.5172545853630083
2203558993,0.7398126525998969
2203518467,1.0832366454709503
2203557913,0.10509859360782192
2203520201,0.562120107407506
2203486982,0.18483924814931874
2203557018,0.2737931363211784
2203544231,0.8540683778502318
2203557066,0.41328250827901647
2203552598,0.023104906018664842
2203555081,0.8787737502464831
2203555507,1.0173286076646622
2203559928,0.7860538976580642
2203557261,0.5620107039171301
2203558679,0.7960677488432257
2203555702,0.9729883150118374
2203538889,1.5479269254083692
2203558383,1.4082537501227292
2203559646,1.1262023715096974
2203558972,0.06931471805599453
2203556144,0.7180461827672604
2203555831,1.4456345185192245
2203520970,0.8525710320887327
2203539780,2.420047877892748
2203550020,0.7944117617018206
2203547057,0.8445208209203268
2203463050,1.0498044164924831
2203555027,0.7869102725909074
2203549402,0.9130693381517994
2203528278,0.931418639711311
2203535002,0.6430059379548997
2203555445,2.745717780261467
2203522707,1.2381245198820419
2203559053,0.8780906898142826
2203553655,0.3524627420627918
2203506496,2.3370406044104595
2203555003,1.9958344922660956
2203552342,1.5124305769898874
2203558839,0.3723723251829595
2203541284,0.7108538122407604
2203558250,0.32030537169786266
2203559982,0.23796317301151526
2203549888,1.6849725522487193
2203556761,0.0936426245424844
2203550446,0.7068985740067697
2203556496,0.8255226965352527
2203546251,1.9408452337152113
2203524599,2.5413809409407793
2203559861,0.7067438663341274
2203525279,0.7929326076312035
2203546181,0.8075827122570228
2203556451,1.325598065870138
2203556295,1.2193580235543182
2203556473,1.1447575719750662
2203555735,1.5197121971179781
2203534907,1.4483616891323088
2203552513,0.548176817612352
2203555896,0.9024116358595243
2203529997,0.7408094169740955
2203520119,0.0
2203505681,2.1678577464366766
2203497651,1.8642923187430345
2203553229,0.5174688351839007
2203547103,1.503345878810126
2203531961,0.3534885087969463
2203554645,0.03465735902799726
2203529725,1.6167012836216628
2203517277,0.33315414641278523
2203549163,0.5371890649339577
2203552325,1.1598359720838614
2203559497,0.1256995752438516
2203539539,0.5731094105885306
2203558594,1.8809496730348934
2203554838,1.1100873345797933
2203548116,0.3042399859190343
2203532052,0.3719589842069921
2203556972,0.7887198819483795
2203535668,0.7251342327648954
2203522931,1.6356349696949561
2203553691,0.8468926661099431
2203528626,0.8259310364860386
2203553185,0.12707698310265664
2203475161,1.1362039633434438
2203559714,0.33172049256662967
2203540878,0.12707698310265664
2203524528,0.8018549406145606
2203554344,0.4887618421732635
2203535014,0.0
2203538928,0.0
2203557932,0.8896950573646535
2203553715,1.7436203067188045
2203554328,0.9927614518642377
2203557195,1.1598358754265607
2203505378,1.3677378120219792
2203556513,0.6229525068223237
2203512702,0.9991285282144281
2203553378,0.3812309493079699
2203506655,0.4407527872394678
2203558125,0.9683335969101288
2203520326,0.4187419760942256
2203548273,1.1273804959132878
2203513363,0.5941087952378907
2203559959,0.25455642482312746
2203557996,0.9157186900099438
2203548888,1.0646834648882917
2203553977,0.7130898830296347
2203558094,0.06931471805599453
2203558353,0.7162496892567614
2203559601,0.3033155373082448
2203520977,0.4687412431650603
2203554293,0.3337182372421649
2203486542,1.1017579540063538
2203541308,0.8348264152045546
2203554130,1.4246347343361476
2203531237,2.319185428701609
2203552621,1.4614772035632966
2203559914,1.1361137794696456
2203540103,0.21127069793100595
2203527261,1.430156692879159
2203514679,2.126213721793757
2203521500,0.8614128375745531
2203499629,0.7309402054047613
2203556821,0.7629135997285518
2203549201,1.3945556800174124
2203547263,0.0
2203557553,0.598411505696159
2203547620,0.10986122886681098
2203553168,1.3742602403791078
2203559943,0.36159177919210483
2203557843,0.3756805733596097
2203557273,0.680278813073223
2203550609,1.8946022935305176
2203532941,0.6931471805599453
2203511306,0.21127069793100595
2203550145,1.4079093635503113
2203552819,0.1791759469228055
2203553811,0.08664339756999316
2203559471,0.15249237972318797
2203558829,0.7227492687685537
2203540681,0.9359137287989168
2203556912,0.295983119065281
2203556778,0.3812309493079699
2203538907,1.2074201951322152
2203511955,1.2101241422148519
2203530633,1.8268594751808434
2203550674,1.2367668449981593
2203553681,0.1514500597004077
2203538266,0.44823517676209795
2203509354,0.6613562327761013
2203556135,0.04505456673639644
2203487614,1.20908656652192
2203547414,0.6931471805599453
2203512219,0.375029123345372
2203557407,0.0
2203519997,1.0986122886681096
2203559988,0.6697760167042637
2203550355,0.0
2203557489,0.023104906018664842
2203537466,1.0794619016467473
2203534778,0.2871384700248163
2203515624,1.5269495203653405
2203495418,0.2414285673815301
2203555310,0.7061863704997886
2203542952,0.5911766122495635
2203548163,0.30023663079923485
2203553680,0.15171063970610277
2203541989,0.880774539002973
2203482013,0.44374970589214857
2203550200,0.2899665705342438
2203491945,2.276086720645531
2203551819,1.1069581342669108
2203477830,1.1965880152401804
2203555199,0.9715963986340335
2203542016,0.9236700653653405
2203547049,0.20794415416798356
2203552388,0.9273838282027235
2203547021,0.2693371901604359
2203558690,0.400983044701988
2203519656,0.8818563108609421
2203559989,0.3044635994349858
2203559218,0.06931471805599451
2203531179,0.3558155526874386
2203555578,0.6256669632056883
2203547544,1.3398122060263922
2203550694,0.0
2203516170,1.1702634898453743
2203547546,0.5561420399954422
2203510095,0.0
2203544019,1.7907323580231016
2203549605,0.7418486486921866
2203526934,0.2890371757896165
2203545494,0.0
2203556676,0.2003178023471973
2203559489,0.06931471805599453
2203555756,0.8247063381165047
2203529559,1.6149600643421216
2203549174,1.2476649250079015
2203557708,0.9399006455007782
2203558678,0.6234774694977562
2203549940,0.0
2203538564,0.40928690661634864
2203558976,0.2599301927099795
2203533429,0.5117292200998144
2203559937,0.0
2203554868,0.22034040821125034
2203555231,0.13862943611198902
2203552883,0.7035243476448947
2203548661,0.32003045419900644
2203549689,0.0
2203522447,0.6931471805599453
2203532036,0.32231343896037457
2203489112,0.0
2203545639,0.0
2203536003,1.6407094348980138
2203544653,1.5447262825529795
2203545872,0.6256198159156351
2203555687,0.3005527610233987
2203550837,0.37297919715844674
2203555449,1.4179671643849683
2203558890,0.1791759469228055
2203512949,0.843113687320038
2203540785,1.407595450056435
2203543835,0.23721036845829238
2203539017,0.0
2203556322,0.1814638524690414
2203554635,0.5604068962307754
2203499854,0.9325968527371558
2203557986,0.7692370515208627
2203556134,0.6186208623900494
2203496895,0.4158883083359671
2203558841,2.1413473366630997
2203517183,1.4424389715230919
2203555977,0.031388922533374566
2203554326,0.4969813299576001
2203549880,0.45830231438451613
2203559430,0.47750139105240674
2203557942,0.33328727500112687
2203548313,0.4211347106561088
2203542584,0.32433394870264926
2203554438,0.738105928426722
2203557352,1.1099990214970612
2203558782,0.7462399636272815
2203559496,0.3392908932458986
2203559490,0.3950823164360391
2203518480,0.8927904766474892
2203558113,0.3078502245082502
2203558603,0.6505768105927439
2203552252,0.25085326534550395
2203559284,0.40963788540487267
2203535953,0.33172049256662967
2203557499,0.0990036558726654
2203509078,1.4923897818722676
2203553855,0.33667492795126375
2203560024,0.17524984573425936
2203528576,0.6932224147852651
2203559183,0.379367035390396
2203558784,0.45412432854491713
2203555173,0.23104906018664845
2203556957,1.1562971466171228
2203559249,0.19982460606653088
2203513046,0.6752421275125149
2203548828,0.2941389949544642
2203558340,1.486432838486743
2203532960,1.4436475667493405
2203526979,0.6931471805599453
2203559929,0.0
2203556516,0.8111521360380515
2203543330,0.19820708663154624
2203559955,0.06931471805599453
2203540313,0.22411758838104898
2203553308,0.4573179079588921
2203558768,0.256317631763529
2203544770,1.0986122886681096
2203530566,1.6747949849108192
2203559325,0.16094379124341004
2203529112,1.3062774673785287
2203559994,0.47387642393893525
2203542232,0.8464709148390611
2203464630,0.0
2203558215,0.4158883083359671
2203506119,1.7262609522906593
2203525682,0.354607633175651
2203521159,0.0
2203475785,1.2544228493610892
2203552319,1.3820281459367867
2203559645,0.0
2203473183,1.8223767707529537
2203559045,0.0
2203479622,0.38625970940580523
2203557162,0.06931471805599453
2203482114,1.3469258319485966
2203559703,0.5267918572255584
2203557497,0.39289632759545534
2203498524,1.073222884566982
2203555497,2.6574017547898263
2203557923,0.7464876050459756
2203504202,0.0
2203539329,0.23967631717083004
2203559935,0.23025850929940458
2203555200,0.13862943611198902
2203554271,0.6968372128688168
2203537632,0.8029254905200561
2203537586,0.10749282466778834
2203548848,1.016841715377559
2203554428,0.24085434854475282
2203548725,1.7320188961353822
2203559444,0.7032028470042034
2203559175,0.26369560653285623
2203508371,0.24849066497880004
2203559669,0.6962162824649213
2203478670,0.7352519874524216
2203526260,1.8787489444950762
2203554896,1.0623633233416288
2203556096,0.32655220180811695
2203553829,0.8591122247599324
2203525993,0.10749282466778834
2203557605,0.0
2203559067,0.6265268886577016
2203555365,0.04951051289713895
2203508717,0.023104906018664842
2203555975,0.031388922533374566
2203558772,0.3718673974492165
2203559895,0.13862943611198905
2203559008,0.0
2203557802,0.12476649250079015
2203559315,0.31780538303479455
2203556515,1.8669088262592175
2203554744,2.206611815345918
2203555016,0.20794415416798356
2203559415,0.15607104090414065
2203554556,0.20234538167184352
2203538005,0.6700422745412805
2203551368,0.9261243412542806
2203528403,0.16635532333438688
2203547046,0.0
2203535039,0.6965746545423993
2203539333,0.23967631717083004
2203557671,0.8349393723394269
2203559773,0.7988959004348668
2203454651,0.8929877509581763
2203542059,0.5856232983499827
2203542728,1.212662499701175
2203554662,0.13862943611198905
2203547922,0.0
2203525290,0.3922980051320363
2203545328,2.040844497966016
2203554549,0.49390385389787494
2203556052,0.11156903685092183
2203557535,0.9324682357831099
2203555049,0.40974901720932494
2203551731,0.07668681093068842
2203556347,0.39217249424630235
2203559419,0.17076176171499155
2203556172,0.5375278407684165
2203559848,0.24849066497880004
2203544329,0.0
2203545558,1.2559688284976054
2203559986,0.4795397251654484
2203511015,0.5870988086015178
2203559254,0.8466240510271804
2203527284,0.37814622784103485
2203526383,0.6931471805599453
2203555834,0.0
2203553765,0.9938671357401672
2203549762,0.7471136396178266
2203559122,0.8914105565572934
2203527789,0.3240906251570924
2203557675,0.2464125230630904
2203559352,0.4287089319243858
2203550384,1.4761784476191706
2203522917,0.7933568359722075
2203546400,1.0986122886681096
2203548825,0.0
2203517343,0.4458209691697707
2203547254,0.5962151452311535
2203546728,0.10986122886681098
2203513103,1.0990783746354877
2203516496,0.8272314948282036
2203552740,0.5371890649339577
2203524515,1.9096807070213166
2203518288,0.24260151319598083
2203524540,0.0
2203557507,0.9117694682043819
2203559245,0.6186429162186384
2203535511,0.30300433893049034
2203551338,0.0
2203554677,0.8393073246436094
2203488009,2.397895272798371
2203458559,1.8982018360352142
2203549842,0.0
2203558413,1.0299866333620615
2203552843,0.21972245773362195
2203498842,0.6238324625039507
2203553998,0.4855443574719832
2203558152,0.09887510598012987
2203472261,1.8201093249847702
2203559622,0.09241962407465937
2203555978,0.0
2203526995,0.7887171696711988
2203558966,0.16455494104721818
2203555493,0.1668533303795176
2203504931,0.2414285673815301
2203542382,0.9401547765525956
2203557505,0.13862943611198905
2203557806,1.415984220069666
2203559170,0.18483924814931874
2203511884,0.0
2203537277,0.0
2203554091,0.6643789733147673
2203559488,0.5684171523487603
2203559438,0.63115538440728
2203504248,0.60883682907138
2203558516,0.6948170692573746
2203546550,0.33129482136214544
2203527135,0.2836786705123128
2203516776,1.7690620429575468
2203558625,0.2947004770161297
2203531749,1.921129225445765
2203502245,0.0
2203554566,0.2581738878370058
2203559450,0.05493061443340549
2203558759,1.5019433260062383
2203554577,0.9774164238325215
2203501643,1.4444277837663126
2203556571,0.13636411562138376
2203545621,2.1715216477683477
2203537860,0.7138364132798266
2203553242,0.45643481914678363
2203504615,0.6092489850004246
2203534781,0.5496503647709472
2203552998,1.6260428373002447
2203552955,1.4310070455295423
2203524680,0.41014858776942764
2203543579,0.29703557154233523
2203458546,0.0
2203556140,0.48520302639196167
2203541248,0.4312915790150771
2203520600,1.3419639399899637
2203509713,1.5043125060371838
2203520539,0.36716967483941126
2203547977,0.0
2203554742,0.3727359974682001
2203523016,0.28936621249886246
2203530797,1.0986122886681098
2203534322,0.49813710980085724
2203512491,0.2414285673815301
2203527946,0.5120970075653032
2203543537,0.8004199585037464
2203542194,1.7941591124627716
2203557619,0.8777097115048352
2203552142,0.3628641061595338
2203546405,0.15890269151739728
2203556403,0.3718673974492165
2203507195,0.42157260515248096
2203506275,0.2495329850015803
2203559099,0.4758926860256734
2203531553,0.20622074342206628
2203528912,0.0
2203536852,0.6621191499452032
2203532877,0.40664634592850124
2203550069,0.709848735225649
2203484767,0.0
2203555314,0.48658412224920095
2203552663,0.3562006344544163
2203545968,0.0
2203552432,0.46406011377359324
2203558920,0.0
2203551380,0.2600431179881325
2203558447,0.4158883083359671
2203542614,0.38482039926260414
2203557689,0.07741328197101352
2203525027,0.0
2203559677,0.4481415910354246
2203534160,0.2806520927291002
2203551658,0.0
2203480969,0.47470849032487583
2203558498,0.9258635560428015
2203559624,0.16222013331100954
2203555728,0.4718498871295094
2203551828,0.7280755602555098
2203549390,0.0
2203544021,0.42993936881435096
2203549302,0.37094666687772376
2203533690,1.1374778278012123
2203551917,0.3183335034874327
2203552911,1.4134269304209597
2203553972,0.10986122886681098
2203546681,0.9938671357401672
2203547634,0.31368516961548265
2203528921,0.0
2203528582,0.4150977574487233
2203504257,1.9419673508687805
2203558531,0.0
2203553336,0.5149645325420831
2203550071,1.0327892990343186
2203558349,0.314107354751621
2203546160,0.10397207708399178
2203524010,1.3802652935686388
2203557688,0.31202915653012836
2203559033,0.9307567668453757
2203541143,0.0
2203545924,0.5999573929513303
2203555757,1.332368896945173
2203536161,0.8221766665050533
2203528436,1.1167787373266633
2203531707,0.0
2203559394,0.5257495372027783
2203521896,1.301818083537621
2203559609,0.4791114290210897
2203500104,0.4033387054151157
2203556253,0.6740707285362838
2203541885,0.432642685999071
2203556117,1.1266281231542454
2203556799,0.06931471805599453
2203499027,0.5240446757319148
2203558758,1.6102053375135008
2203549683,0.39410560614657564
2203559275,0.0
2203548286,0.0
2203558969,0.3226781333740639
2203546961,0.20678890886705034
2203552421,0.13862943611198905
2203527685,0.2836786705123128
2203557069,1.5413130512615247
2203557115,0.6762179560905327
2203544027,0.6931471805599453
2203518019,0.5728280199951128
2203560004,0.2252728336819822
2203558241,0.0
2203543339,0.6574996112740052
2203485725,0.23339715045801376
2203552994,0.3805346195575076
2203524157,0.6902910629972159
2203559638,0.07426576934570842
2203552943,0.6096568291222193
2203555685,0.7796502407525568
2203557098,0.0
2203554463,0.9524263006158048
2203555014,0.6322214759733844
2203532725,1.3277431977500345
2203559243,0.0
2203545616,0.34541834497903945
2203551830,0.3993962329499321
2203552181,0.44715959466604704
2203504372,0.761508275242523
2203540783,0.42339740279203325
2203528232,0.35209348299641646
2203487352,0.4759610639844958
2203528828,0.6931471805599453
2203544755,0.9395563756395748
2203523556,0.711975669450901
2203510171,0.30190410531055395
2203557733,0.10986122886681098
2203547043,0.20794415416798356
2203543628,0.3834240620450357
2203559383,0.06931471805599453
2203557910,0.4286481371987422
2203536681,1.2224391787588345
2203544146,0.0
2203554502,0.6238324625039507
2203555064,0.39273340083799024
2203556737,0.6945556411494688
2203557710,0.17188308465104735
2203547050,0.3096057406501089
2203531475,0.0
2203558783,0.34657359027997264
2203557165,0.08958797346140275
2203556639,2.014927874241719
2203557236,0.17796110599130216
2203559766,0.1514500597004077
2203531720,0.40955897796173113
2203468015,0.013862943611198905
2203559481,0.7432374059080329
2203452010,0.6931471805599453
2203555830,0.0
2203537276,0.23072934624512995
2203559516,0.16429673037586817
2203528164,0.0
2203535982,0.0
2203545031,1.2591161245147156
2203536410,0.6931471805599453
2203552639,0.10986122886681098
2203558345,0.26004311798813246
2203560025,0.0
2203559312,0.4176649511268969
2203555229,0.21852851165148796
2203550026,0.0
2203527950,0.5314128384292914
2203556642,0.1617343421306539
2203474123,1.196287201838643
2203543629,1.4019794764995668
2203555639,1.0514990744055563
2203556762,0.33140206880897666
2203546409,1.3122475130707476
2203553735,0.47278798762261476
2203526198,0.0
2203559948,0.21972245773362195
2203555916,0.4862418581455955
2203518520,0.0
2203493222,0.0
2203525125,0.46805956454438585
2203541897,0.6931471805599453
2203512278,1.1411545507818872
2203535554,0.6931471805599453
2203556077,0.3119162312519754
2203556207,0.10397207708399178
2203530803,0.1854970594295917
2203529785,1.5075691251984773
2203553042,0.21383330595080277
2203552257,0.5545177444479562
2203547116,0.8261279378645764
2203502462,0.23721036845829238
2203552790,1.1675460894331877
2203534469,0.5848366608128053
2203522142,0.6931471805599453
2203528411,0.6931471805599453
2203556795,0.0845196596100507
2203558913,0.39953967298981635
2203549667,0.0
2203556635,1.071336971494143
2203549659,0.0
2203547644,0.4886184082309898
2203556720,0.6019783571427596
2203540946,1.9126285985820375
2203541067,0.27859768597131895
2203553578,0.32000294835850807
2203505553,0.7821172286312936
2203550716,0.0
2203556161,0.2669745897937319
2203543626,0.0
2203513605,1.4272136554073502
2203558248,0.3092041906535827
2203553277,1.2072640278187037
2203552642,0.10986122886681098
2203554032,0.7595304245250653
2203490579,0.3562260188037204
2203554477,1.502457101231394
2203553515,0.8778944550534012
2203532214,0.13169796430638964
2203552814,0.4317212629826872
2203534136,1.4809535990376081
2203557696,0.0
2203554433,0.13862943611198905
2203555693,0.48434456335796383
2203461942,1.1131137660022663
2203532677,0.0
2203530420,0.06705991301808752
2203532227,1.9087788573346685
2203549998,0.34680514999076106
2203486508,1.4809535990376081
2203557703,0.0
2203558347,0.06931471805599453
2203539661,0.795981024710547
2203557450,0.48643862194394993
2203553516,0.6647292430206224
2203510468,0.6931471805599453
2203553533,0.46902959217889634
2203541475,0.4505456673639644
2203513469,0.16094379124341004
2203559120,0.5887238558287462
2203558409,0.39855962882196855
2203559273,1.4529556702833901
2203556281,0.5849353722362548
2203559116,0.5365231102683816
2203557044,0.03465735902799726
2203494515,0.6931471805599453
2203559057,0.01732867951399863
2203534601,0.0
2203541463,0.6446703443001238
2203558071,0.519295685089021
2203537976,0.46105206418863426
2203557247,0.8182702675575954
2203555549,1.5251456441156104
2203559163,0.516209573850719
2203534306,0.0
2203511479,1.0356042980589204
2203558756,0.21025464476985006
2203555720,1.4306115503749217
2203559947,0.0
2203524523,1.1411545507818872
2203528024,0.0
2203528844,0.6931471805599453
2203521672,0.0
2203556643,1.3446271726934906
2203542635,0.33172049256662967
2203558519,0.31780538303479455
2203518537,0.4156377260164435
2203557289,0.9288438341725233
2203520263,1.1549922736234093
2203549986,0.08471798873510442
2203540992,0.8788898309344878
2203556982,0.0
2203500218,0.9157049811702273
2203553953,0.13743756202906113
2203471877,0.3092185430492467
2203498672,0.9050155108105707
2203559991,0.10397207708399178
2203556774,1.249126048986639
2203511141,0.0
2203543344,0.38475003357800247
2203559359,0.3123544082957329
2203559303,0.018310204811135163
2203536279,0.8711334911112356
2203543362,0.4120786532526698
2203553922,0.5343156844601589
2203520398,0.0
2203548036,0.6756199773904854
2203541816,1.7371484999166367
2203554571,0.358238968567458
2203473751,0.6931471805599453
2203546684,0.3608809104116983
2203534856,1.6558903788633466
2203557658,1.3569239498982395
2203508952,0.5490683494663777
2203512796,0.0
2203554863,0.0
2203553233,0.6356107660695891
2203511143,0.6931471805599453
2203508922,0.9224544599247306
2203559583,0.40022152069444267
2203554610,0.709848735225649
2203542053,1.927073406998484
2203514263,0.0
2203551631,0.28010514395429936
2203552574,0.10986122886681098
2203521099,0.0
2203545218,0.48917257569201106
2203539685,1.7086161465626528
2203553673,0.33172049256662967
2203494130,0.0
2203554679,0.2772588722239781
2203545452,0.5859265539563252
2203559479,0.33894723845918634
2203509969,0.8030204398013412
2203558530,0.0
2203559001,0.23220430548758167
2203556590,0.21972245773362195
2203557003,0.32999587282270415
2203519756,0.8317405591460962
2203559291,0.21972245773362195
2203557466,1.2885636175664787
2203551550,0.031388922533374566
2203491918,1.937304764785576
2203557542,1.2706863353694717
2203512875,0.5663892627759097
2203552645,0.06931471805599453
2203558694,0.2975581825118051
2203524794,0.0
2203549695,0.8357374577037054
2203554589,0.2772588722239781
2203548975,0.6812005278350717
2203557445,0.674415368328279
2203558545,0.30976383603952307
2203558171,0.781570156684743
2203523114,0.5451574339389387
2203553651,1.8646863704673247
2203520312,0.9223253353009033
2203558462,0.0
2203550024,0.0
2203560003,0.2069018341452033
2203540059,0.0
2203540155,0.6591673732008659
2203552287,0.7951670633871044
2203558578,0.3006935139660776
2203553039,0.7315363570056452
2203517265,0.9027340257272846
2203559916,0.06931471805599453
2203554663,0.461618132486017
2203532701,1.744157848658984
2203559484,0.06931471805599453
2203555165,0.30400724419174013
2203559863,0.08317766166719344
2203543568,1.3862943611198906
2203537868,0.6798979348850012
2203555695,0.06863141798854935
2203555083,1.026761142193367
2203554175,0.3337182372421649
2203532632,0.5083079324106266
2203502281,0.9123687293322773
2203554586,0.06931471805599453
2203504092,0.0
2203559568,1.13326613973369
2203544528,0.9663014132987277
2203528260,0.40457911437641564
2203557559,0.046209812037329684
2203553547,0.0
2203531345,0.6643789733147673
2203547585,0.29326727139405306
2203534391,2.211591479757377
2203559961,0.3174225609676483
2203554252,0.3639022697939713
2203546370,0.8272314948282036
2203557634,0.0
2203536811,1.5599287464748235
2203514442,0.29576862295613565
2203546191,0.0
2203557807,0.10986122886681098
2203521749,0.6142402738715376
2203472822,0.0
2203546690,0.515239404216226
2203531890,0.38417552519937953
2203525487,1.4318440329852584
2203495851,0.0
2203555017,0.06931471805599453
2203557284,1.2424913408942682
2203535800,0.5451574339389387
2203557548,0.5129289136143595
2203556181,0.5050072315508174
2203558009,0.3807097892965798
2203559872,0.42766661190160554
2203527900,0.234106561356211
2203549720,0.0
2203559621,0.6584987571664935
2203535746,0.4652852910881533
2203559770,0.3455312702571924
2203504007,1.7853186282926452
2203512333,0.0
2203545402,1.0986122886681096
2203555915,0.19393600516706394
2203553376,0.13862943611198905
2203553053,0.16094379124341004
2203558958,0.8889652944529012
2203558948,0.21152281534893627
2203556814,0.5545177444479562
2203555746,0.5214469691269401
2203550245,0.06931471805599453
2203548540,0.41877642158830025
2203559521,0.10986122886681098
2203555872,0.27918428105886683
2203557914,0.1649961310400237
2203559629,0.0
2203553486,0.0
2203551903,0.2680169098165122
2203518119,1.4723629550146444
2203546304,1.5448895987884452
2203558908,0.46156683365049533
2203555384,0.26625653602461385
2203548093,0.0
2203544794,0.40923715681403305
2203557693,0.20794415416798356
2203541864,0.0
2203524269,0.2145455558876021
2203544840,0.24522222848417732
2203537419,0.0
2203551484,0.5397688276138973
2203546297,0.27263789102024516
2203529454,0.7292426449499443
2203555206,0.15370331058808068
2203488494,0.6931471805599453
2203446654,0.8142696372893768
2203514688,0.0
2203527596,0.3812309493079699
2203532589,1.4658399480144177
2203559049,0.03955839969862314
2203541728,0.0
2203529124,0.0
2203546360,0.3767749069729599
2203488190,0.44403484925713776
2203554359,0.9672563813902956
2203471831,0.30045818683393993
2203555879,1.473015985700155
2203556869,0.3670726962416868
2203557789,0.19820708663154624
2203517446,0.38076506862012977
2203511130,0.0
2203553224,0.45924912062609946
2203558194,1.5296527165135256
2203503511,0.0
2203558197,0.0
2203554619,0.6927840709834007
2203545978,0.3134992144361673
2203532758,0.0
2203551284,0.5347838388881734
2203558163,0.0
2203555284,0.464077558046049
2203559376,0.24849066497880004
2203504054,0.41730735965258975
2203557700,0.0
2203554876,0.19459101490553127
2203485708,1.0986122886681096
2203556793,0.0
2203545118,0.2939099261288859
2203542204,0.14150591165882223
2203528762,0.0
2203559130,0.25933727954454655
2203537926,1.176100080628433
2203522157,0.0
2203553927,0.611350614749991
2203542230,1.0291204489138022
2203550149,0.0
2203555887,1.2123822176203465
2203536002,0.0
2203556212,0.0
2203508414,0.37179718361670194
2203558002,0.13862943611198905
2203556475,0.03343602617685552
2203539407,0.0
2203526311,0.4652852910881533
2203559215,0.0
2203550696,0.5742162489478482
2203559637,0.13862943611198905
2203508671,0.0
2203557521,0.14523605296562567
2203557941,0.37787813868332315
2203559108,0.5294401177048992
2203550697,0.0
2203557926,0.6832009973368902
2203531077,0.6774775780120011
2203556954,0.02772588722239781
2203553403,0.5434169925512358
2203550039,0.8157747110789204
2203553501,0.2352798680445372
2203558797,0.26553957160007335
2203539545,0.34888408088183914
2203556209,0.4158883083359671
2203549214,0.06931471805599453
2203510985,0.25085326534550395
2203510420,0.6470708254999196
2203557503,0.8302331320101066
2203509241,0.5604590059956129
2203535577,0.0
2203558822,0.5621563582514749
2203552122,0.2772588722239781
2203522527,0.0
2203552033,0.0
2203502147,1.2939606718331045
2203557485,0.14550011319194478
2203553652,0.0
2203530812,0.0
2203558158,0.1510591896918651
2203553051,0.0
2203553745,0.07921682063542232
2203553082,0.8788898309344877
2203553157,0.0
2203544525,0.0
2203514897,0.4493904220630312
2203492214,0.401432060011393
2203555966,0.1791759469228055
2203552071,0.05941261547656673
2203550947,0.0
2203559052,0.012602676010180825
2203549564,0.10986122886681098
2203539261,0.6931471805599453
2203553496,0.5929129588974915
2203547914,1.3916785036158428
2203550607,0.10986122886681098
2203558921,0.21685604648946857
2203559058,0.03465735902799726
2203554730,0.5811065762036559
2203520283,1.0372452451950611
2203553008,0.1514500597004077
2203558583,0.30895914844054956
2203556460,0.9817396586475178
2203546722,0.9568731792587053
2203558863,0.5257495372027782
2203559735,1.232081135415425
2203559282,0.0
2203556248,1.155027786465488
2203550514,0.0
2203512785,0.0
2203488788,0.0
2203547220,0.21383330595080277
2203526719,0.0
2203535904,1.9087788573346685
2203531673,0.09241962407465937
2203553117,1.5266481274559252
2203548846,0.10986122886681098
2203494347,0.1949702454853417
2203552115,0.0
2203547818,0.4852030263919616
2203556458,0.5517199082833173
2203557644,0.904426796218635
2203538940,0.6931471805599453
2203506256,0.0
2203539283,0.511528417275288
2203468811,0.411448007577279
2203558244,0.5231663197121205
2203514710,1.057084875832701
2203554994,0.08086717106532695
2203559579,0.046209812037329684
2203461701,0.6931471805599453
2203559261,0.10397207708399178
2203477767,0.2768662470492383
2203534554,0.22551164352790343
2203559480,0.12624740764954295
2203559707,1.2297286220901187
2203551280,0.0
2203499948,0.2751742321784175
2203547154,0.6491095211802382
2203539331,0.38076506862012977
2203537453,0.33353866244877783
2203539260,0.0
2203559529,0.5545177444479562
2203550762,0.0
2203507066,1.5039714265447561
2203497401,0.03465735902799726
2203471960,0.0
2203550661,1.0994194332331801
2203543397,0.0
2203555748,1.6225031474293594
2203537560,0.06931471805599451
2203558370,0.297149937931776
2203550452,0.2623242116577852
2203559437,0.558283158270833
2203555207,0.2439821282025961
2203505614,0.2684505935324249
2203559793,0.2278305895190945
2203558240,0.06931471805599453
2203554588,1.0234921375823731
2203559150,0.2571182067938357
2203551203,0.1514500597004077
2203503681,0.0
2203530810,0.0
2203559587,0.35964886664053525
2203543148,0.5816695654722628
2203555921,0.43381460357980783
2203559317,0.0
2203559451,0.925389705939957
2203553955,0.09241962407465937
2203555714,0.8001767588134996
2203479793,0.34629582381008855
2203547798,0.0
2203517561,0.6931471805599453
2203498541,0.0
2203508829,0.2760626047415065
2203556693,1.2748652831622551
2203557153,0.205112503554727
2203507963,0.37752512193911925
2203548348,0.14965204146684488
2203552494,0.21908401956983986
2203540058,0.0
2203556220,0.2877292207607887
2203514800,0.233989684589024
2203550707,0.42877519556815297
2203559114,1.3737446884317315
2203515628,0.0
2203554214,0.9128696382935673
2203532912,0.0
2203552976,0.0
2203538018,0.0
2203543845,0.0
2203558505,0.2496800312534487
2203530440,0.026366694928034635
2203559324,0.06612911111608083
2203528222,0.0
2203553756,0.06931471805599453
2203559330,0.19356005054539455
2203557743,0.10974830358865799
2203512132,0.06931471805599453
2203559219,0.10397207708399178
2203553420,0.5323465359490153
2203550244,0.12245600189892367
2203477907,0.0
2203553948,0.14600152898668295
2203557654,0.30780372226008595
2203519874,0.0
2203532280,0.0
2203554804,0.6473243902845914
2203559623,0.10986122886681098
2203495534,1.351823917956503
2203558449,0.0
2203555208,0.33322045101752035
2203551411,0.23025850929940458
2203557997,0.30761144082707076
2203557746,0.0
2203534635,1.0986122886681098
2203543766,0.2718806621291805
2203543112,0.4627886683019164
2203544398,0.3639022697939713
2203557698,0.15171063970610277
2203558830,1.059450154908649
2203490553,0.35913125673297425
2203555191,0.179118707208612
2203547989,0.0
2203555161,0.5402309414891378
2203559476,0.0
2203510853,0.49428041195357864
2203536034,0.8020753099955596
2203559046,0.49433453018203927
2203556812,0.3074168548167617
2203550521,0.0
2203511442,1.8173238331231012
2203531709,0.1779077763437193
2203557369,0.15484804043631564
2203542019,0.6811778286442413
2203533618,0.0
2203542148,0.9887510598012987
2203555525,0.205112503554727
2203508705,0.10986122886681098
2203558748,0.22487816843211586
2203556865,0.14391627045121036
2203529167,1.4025535348088742
2203550511,0.0
2203499645,1.3381256150454537
2203558329,0.0
2203558394,0.5117476342186793
2203554914,0.0
2203548402,0.21908401956983986
2203558436,0.09678002527269727
2203533536,0.0
2203557097,0.743750673296921
2203531867,0.18483924814931874
2203513361,0.0
2203558952,1.042821608147111
2203551627,0.3154497223216669
2203528767,0.4280118601754159
2203556447,0.21190927992239955
2203558127,0.9905558236593487
2203539633,0.5266378104785041
2203554564,0.13725533332645873
2203538263,0.34657359027997264
2203557015,0.07741328197101352
2203541445,2.0088778434056724
2203558931,0.29687488937358386
2203555853,0.29855424401181113
2203545838,0.5441953838702875
2203539081,0.0
2203543083,0.13634153056575316
2203559138,0.39758442174975217
2203555195,0.09704060527839234
2203543077,1.4635058690760807
2203559283,0.7061936547046699
2203535019,0.0
2203557184,0.7624618986159398
2203559420,0.3995621113137602
2203512884,0.31871695555434154
2203559153,0.21972245773362195
2203513718,0.3787004119821161
2203549663,0.10986122886681098
2203525742,0.12130075659799042
2203542556,0.17795294645498044
2203529792,0.0
2203550278,0.6931471805599453
2203540716,0.503530632306217
2203553507,0.39889840465642745
2203557726,0.88394040507183
2203502100,0.2563428673558923
2203545455,0.5140841589152928
2203545702,1.0770967812628458
2203555475,0.5133965873727049
2203545461,0.28747021553482205
2203557222,0.31554006254418926
2203555553,0.6491680352053112
2203514011,0.3804403984207261
2203552599,0.0
2203547176,0.0
2203510992,0.7584159459293742
2203549567,0.0
2203527806,0.06931471805599453
2203528994,0.06931471805599453
2203491508,0.0
2203547795,0.0
2203547768,0.0
2203554992,0.7981066595022444
2203503152,0.0
2203553220,0.7078913663093331
2203559957,0.5342928452186337
2203558854,0.6931471805599453
2203555624,0.4124975883617995
2203545362,1.0466494382777047
2203535655,0.37165891681452307
2203559435,0.1791759469228055
2203504560,0.6322214759733844
2203558860,0.21727411817860354
2203554459,0.9651191909286727
2203548451,1.552084538657451
2203494542,0.8725489780390567
2203522702,0.08086717106532695
2203559852,0.0
2203546687,0.4813965579523313
2203487021,0.1949702454853417
2203502349,0.023104906018664842
2203551997,0.0
2203552443,0.21949660717731598
2203508139,0.3209077558669313
2203555009,0.9047064840992103
2203545399,0.6931471805599453
2203511711,1.0724982384177193
2203551808,0.06931471805599453
2203553259,0.03465735902799726
2203552888,0.5545177444479562
2203554288,0.4818387731162603
2203554097,0.46344779915677103
2203547487,0.25431900124830376
2203547101,0.0
2203496829,0.0
2203558189,0.2680169098165122
2203539362,0.3146026099367769
2203533447,0.0
2203556649,0.2772588722239781
2203506063,0.36406730483696176
2203546339,0.5257495372027782
2203506387,0.06931471805599453
2203526628,0.1178350206951907
2203500568,0.470548789024621
2203546402,0.0
2203548952,0.0
2203524565,0.6176946421166115
2203557705,0.0
2203547868,0.0
2203528531,0.39855962882196855
2203553683,0.0
2203503762,0.9747317245325723
2203559732,0.0
2203556170,0.7125856402534093
2203511820,1.5708828018841237
2203557439,0.1927941727443246
2203504561,0.8228960151545579
2203524256,0.0
2203532105,0.4135778177341007
2203555157,0.2593322988168809
2203536797,0.7470648491807206
2203533902,0.0
2203550922,0.0
2203557147,0.15890269151739728
2203531541,0.3302351210239168
2203507100,0.49675547940129416
2203558823,1.0159963572328425
2203558764,0.03465735902799726
2203523041,0.6931471805599453
2203495898,0.0
2203479422,0.8923395097939822
2203532700,0.882653848944785
2203545474,0.4787666597153336
2203556786,0.06931471805599453
2203524749,0.0
2203554698,0.3573749043093858
2203554552,0.7750393433017836
2203538334,0.728433423010915
2203473278,1.6142827714183525
2203557750,0.5054154870717262
2203553287,0.965194452670022
2203531170,0.0
2203494279,2.406072259625789
2203539112,0.0
2203504682,0.6039730316519607
2203558326,0.6818205781069189
2203510874,0.0
2203558205,0.0
2203551855,0.8939820523766693
2203510349,0.3415400214687635
2203515132,1.1321395612438452
2203547394,1.632201756410674
2203557206,0.48520302639196167
2203506009,1.0855975464162313
2203546721,0.28159495345299135
2203487565,0.9217844498542714
2203558096,0.3023112042225335
2203556371,0.6030561220817937
2203539395,0.1732867951399863
2203559958,0.15113318742882478
2203553989,0.8897647322749025
2203557356,0.5490168075625962
2203513256,0.0
2203546807,0.38017880282177197
2203554127,0.0
2203540830,0.9596123326425247
2203540118,0.0
2203558608,0.13862943611198905
2203559559,0.1791759469228055
2203494379,0.25173916520497963
2203501111,0.8697941772458394
2203559233,1.0327541752697431
2203552113,0.1601179371700372
2203498025,1.265741873616287
2203542585,0.2651668815740999
2203538982,0.0
2203556662,0.09241962407465937
2203557759,0.34679944083627867
2203507835,0.825286022902349
2203556063,1.3523006251388485
2203547866,0.0
2203558706,0.0
2203476772,0.6662298807708751
2203552384,0.826565016558033
2203542068,0.8722100507056354
2203554839,0.0
2203552225,0.4064292011206733
2203535950,0.0
2203556806,0.19925489711128952
2203531108,0.06931471805599453
2203556813,0.19517565347345828
2203554646,0.5441177333417205
2203539361,0.38391732799277145
2203555751,0.3736045974871836
2203494323,0.9750917776545183
2203533999,0.13862943611198905
2203559470,0.25186485053212065
2203545212,0.0
2203558350,0.2333595507885149
2203529198,0.7507183972565418
2203556508,0.20664125413950823
2203550413,0.0
2203532279,0.0
2203555044,0.16338469256055854
2203556265,0.307684891687155
2203506193,0.31780538303479455
2203543146,0.26653680956361614
2203540048,0.33337078684073557
2203557613,0.2354094613846863
2203530995,0.48157590825994684
2203547125,0.6931471805599453
2203528458,0.44361419555836495
2203557169,0.3149737324215379
2203532599,1.1906372827449077
2203544570,0.0
2203552646,0.21769592092419612
2203547907,0.0
2203532709,0.6931471805599453
2203547146,0.6946548376122206
2203557643,0.5417454623618576
2203519533,1.319695579756241
2203541570,0.17906302164465254
2203529214,0.2583548582087069
2203490160,0.1404344524264564
2203509084,0.4043358553266348
2203508355,1.4334075753824438
2203539418,0.06931471805599453
2203550015,0.10397207708399178
2203536245,0.6085818771437009
2203557691,0.31780538303479455
2203547562,0.6931471805599453
2203541307,0.333865891969707
2203558986,0.0
2203465939,0.0
2203559946,0.23419942522324244
2203558061,0.0
2203548915,0.0
2203556578,0.6129416368173762
2203556711,0.9082485899622231
2203544207,0.0
2203539895,0.7224024808285828
2203542057,1.3320114938775012
2203556092,0.20794415416798356
2203482184,0.7427403794459757
2203540591,0.1750196630913862
2203556586,0.9420084953716031
2203540571,0.38776483669181955
2203558022,0.0
2203500862,0.7944952985959296
2203555171,0.43090276217253176
2203552357,0.580935053810557
2203539218,0.46414805522175195
2203544804,0.0
2203552549,0.39889840465642745
2203535934,0.0
2203469170,0.0
2203511790,0.6176946421166115
2203559393,0.9976182322830432
2203549595,0.0
2203547257,0.40028845745413444
2203558392,0.3524627420627918
2203557554,0.046209812037329684
2203499742,1.9490942987958344
2203514995,0.14924456048260687
2203501100,1.2542316284596384
2203556275,0.21972245773362195
2203556171,0.6014378014118246
2203435680,0.0
2203519459,0.0
2203540579,0.3259778143266832
2203539199,0.20603091397913706
2203558000,0.0
2203532904,0.0
2203541347,0.0
2203548089,0.19290860053115688
2203555736,0.0
2203558792,0.15890269151739728
2203556597,0.21394622205792407
2203541096,1.630918047937478
2203559232,0.2908555579981602
2203529341,0.0
2203555335,0.45745675181627554
2203545009,0.32513403787693884
2203557372,0.046209812037329684
2203469099,0.34079736377530645
2203473670,0.12212593181294273
2203558760,0.0
2203558585,0.8620471540869739
2203558880,0.9515094066902036
2203553525,0.37198898690050397
2203512525,0.0
2203555996,0.7056274371935845
2203527675,0.20603091397913706
2203546038,1.2472125848473476
2203510860,0.0
2203557336,0.13862943611198905
2203556783,0.550148942676295
2203559076,0.07624618986159398
2203550398,0.0
2203557890,0.5326357717695052
2203557120,0.0
2203518535,0.3511323139013673
2203552316,0.9077733589164613
2203558827,0.0
2203558906,0.6857881897332091
2203467638,0.0
2203526815,0.44326107389014185
2203559561,0.2934774765483047
2203539649,0.35673844930221504
2203521323,0.1700598690831078
2203559290,0.5140841589152927
2203541322,0.0
2203479886,0.0
2203504758,0.35312017266712925
2203557329,0.0
2203556768,0.4158883083359671
2203532844,0.21025464476985006
2203556501,0.17328679513998632
2203557961,0.0
2203547400,0.13862943611198905
2203485376,0.0
2203558116,0.13862943611198902
2203506716,0.42695580543020195
2203548776,0.0
2203554212,0.20794415416798356
2203540511,0.11552453009332422
2203552029,0.21685604648946857
2203553862,0.08526810554507264
2203512145,0.601339177714179
2203558126,0.0
2203555689,0.06931471805599453
2203486456,0.5451574339389387
2203553568,1.6730851421060855
2203553870,0.03465735902799726
2203533978,0.49675547940129416
2203504703,0.45540920007027436
2203552176,0.2618324485786088
2203558891,0.09241962407465937
2203534437,0.0
2203558479,0.28903717578961646
2203559023,0.0
2203543316,0.0
2203539198,0.2878739965945959
2203555048,0.3546921591720188
2203559131,0.8876826322998903
2203557245,0.1791759469228055
2203555707,0.06931471805599453
2203546183,0.0
2203557240,0.0
2203553626,0.09241962407465937
2203524894,0.0
2203533345,0.449839431686134
2203501364,0.3862515010718055
2203524728,0.12245600189892365
2203555692,0.06931471805599453
2203509733,0.5977264809847134
2203545081,1.1627543953893082
2203557180,0.9416850043475058
2203557600,0.43382204625981047
2203550701,0.48856454276508643
2203558086,0.0
2203557580,0.5147007693305887
2203554684,0.15018188912132147
2203555237,0.44026138493371825
2203546397,0.04394449154672439
2203557939,0.15171063970610277
2203553060,0.4761260990274862
2203545509,0.0
2203556861,0.5740035820049576
2203503088,0.0
2203528030,0.6931471805599453
2203558334,0.046209812037329684
2203474788,0.0
2203559843,0.4045617058829407
2203558199,0.16479184330021648
2203524458,0.8111618997106674
2203480055,0.0
2203495881,0.5738660168822654
2203547155,0.31460141679993214
2203541593,0.0
2203512356,0.0
2203521228,0.0
2203556302,0.4247059684201127
2203547906,0.47108838306488005
2203510152,0.6931471805599452
2203546040,0.19459101490553127
2203559264,0.329244910765974
2203554935,0.3295836866004329
2203523175,0.0
2203524228,0.0
2203508024,0.21366536899165295
2203409429,0.3234686842613078
2203539236,1.0568642291650592
2203513550,0.0
2203556950,0.06931471805599453
2203519557,0.8486213859529815
2203559034,0.07992984242661236
2203515545,0.9683068142147995
2203514186,0.8317766166719343
2203554614,0.03080654135821979
2203550897,0.9588245728948925
2203527656,0.5795036066571698
2203559594,0.784602198834613
2203525883,0.0
2203554805,0.0
2203550962,0.6053603395172346
2203541662,1.3754847168318958
2203554747,0.402778024542043
2203551274,0.21383330595080277
2203525966,1.3534169748085267
2203554592,0.0
2203534386,0.22621093417508753
2203550168,1.0951725452847136
2203556764,1.1480291550570132
2203518813,0.7228545138284861
2203503365,0.34869153999835023
2203541226,0.8897799782668694
2203540774,1.359048358070377
2203539981,0.4067253304883801
2203556531,0.5253119055373272
2203477879,0.5317506117359854
2203544969,0.26455117391371247
2203558309,0.25953933482757874
2203555903,0.9834988328611667
2203528056,0.6237050435211515
2203558999,0.4003079372309064
2203549901,0.0
2203502300,1.0512732238492501
2203551977,0.42766661190160554
2203530693,1.03791706631381
2203502404,0.15018188912132147
2203484201,1.5675308284901432
2203524600,0.3091777316318377
2203557327,0.3777652134051702
2203547803,0.4511407937311119
2203559231,0.8336640496823631
2203555934,0.06931471805599453
2203558795,0.48557367622481956
2203557024,0.0
2203553813,0.0
2203552924,0.13862943611198905
2203554506,0.0
2203554056,0.40351068011168245
2203551325,0.7282376075432955
2203554842,0.31343617096659804
2203556611,0.013862943611198905
2203536470,0.10986122886681098
2203555524,1.4334075753824438
2203515038,0.4559268099778353
2203559332,0.3447159056132311
2203537442,0.6931471805599453
2203528985,0.7690286020676769
2203556166,0.0
2203539703,0.6931471805599453
2203556411,0.30084956942299856
2203558934,0.06931471805599453
2203499561,0.2820887213074316
2203554533,0.2947004770161297
2203547150,0.0
2203555696,0.6906332018548057
2203551307,0.0
2203556751,0.30910424533583164
2203557335,0.4537919452410774
2203556038,0.22821740957339182
2203509722,0.3826832805527249
2203557839,0.40202536472476824
2203556648,0.5743219496068119
2203509812,0.4196841143247479
2203553952,0.31780538303479455
2203503613,0.0
2203558922,0.19375114047080372
2203502803,0.44476944085929826
2203541647,0.4751498148489575
2203520562,0.34541834497903945
2203513790,0.06106296590647137
2203552420,0.2252728336819822
2203526016,1.3862943611198906
2203547268,0.008154672712469944
2203526422,0.11593764919017327
2203497033,0.6512282796403677
2203512643,0.49080860688549316
2203558867,0.6761572768804056
2203531332,1.2784135839504729
2203554631,0.4158883083359671
2203526767,0.24491200379784733
2203555508,0.33958387081214125
2203546569,0.10986122886681098
2203558512,0.2333311291702101
2203530597,0.0
2203476846,0.12424533248940002
2203556157,0.03465735902799726
2203477281,1.4944912679015014
2203510048,0.0
2203447299,1.0700325010973322
2203504386,0.5584872937480057
2203549379,0.2980532876407765
2203538986,0.0
2203556864,0.0
2203559212,0.203931203371375
2203550974,0.0
2203553073,1.750196630913862
2203431331,0.4969813299576001
2203539902,0.29745239081758046
2203557278,0.2772588722239781
2203516899,0.22681369908445279
2203526330,0.6763064830009002
2203548103,0.0
2203511363,0.0
2203554074,0.848266241663828
2203559603,0.21133408696249525
2203557484,0.1732867951399863
2203514957,0.35964886664053525
2203556456,0.10986122886681098
2203534800,1.019616501966534
2203547813,0.19985743706145093
2203558901,0.47959380546837665
2203556167,0.1961363414838921
2203545899,0.3164851026908708
2203555997,0.3293588171135906
2203552370,0.0
2203503997,0.2772588722239781
2203556436,0.08236219439594643
2203516402,1.0986122886681096
2203559546,0.2903400758180918
2203552368,0.2939099261288859
2203557534,0.633382391604013
2203522561,0.5868707680272054
2203556069,0.10986122886681098
2203547605,0.0
2203539122,0.8090270475988183
2203532671,0.0
2203556448,0.10449718858441599
2203555459,0.32794201073749873
2203555619,0.45668658828232
2203506151,0.0
2203556415,0.6240666074668317
2203534009,0.3793055404730811
2203559333,0.2045826585825306
2203556480,0.4584967478670571
2203557295,0.0
2203526670,0.03465735902799726
2203514675,0.3993848040369209
2203555420,0.14440566261665527
2203522865,0.9759234194082541
2203557858,0.10986122886681098
2203551297,0.46598513404129693
2203527819,0.0
2203486895,0.601748921244149
2203551081,0.5348177500303781
2203555584,0.2520694377921696
2203556202,0.3525336116431286
2203534757,0.7135454612731612
2203532206,0.6931471805599453
2203518070,0.0
2203503994,0.2772588722239781
2203558004,0.0
2203511308,0.46243689620775585
2203558601,0.14763977184772606
2203522634,0.0
2203522382,0.0
2203553429,0.2772588722239781
2203555849,1.8223692326484966
2203554618,0.7115835961834203
2203559403,0.5373019902121106
2203551780,0.6223158571635812
2203558064,0.0551367075445411
2203559017,0.41588830833596724
2203530214,0.45632189386863065
2203530746,0.0
2203507994,0.12718990838080962
2203530885,0.36979142157679046
2203482494,0.0
2203536257,0.959933567763972
2203546731,0.21620207781488704
2203533645,0.46835277026859873
2203537874,0.6035392271556077
2203557782,0.819968627046484
2203555209,0.5364015488014494
2203556255,0.18021826694558576
2203553218,0.3119162312519754
2203543500,0.568270285031302
2203559911,0.023104906018664842
2203559956,0.06829680960901838
2203513724,0.6931471805599452
2203558951,0.013862943611198905
2203551094,0.26389103374175066
2203518814,0.0
2203533037,1.1685804264593334
2203525352,0.5132935932400143
2203551083,0.8317668908010042
2203553622,0.17795294645498044
2203559617,0.5482169119269904
2203528853,0.30711279929842045
2203554656,0.19356005054539455
2203546752,0.5470611772977412
2203558477,0.0
2203530066,0.314860807143385
2203540149,0.9459485179060895
2203556338,0.282209923513692
2203552890,1.144170467615752
2203551413,0.2592431413172143
2203544569,0.3287498056370027
2203554297,0.17906302164465254
2203557211,0.4333299131281187
2203536932,0.2797068920283366
2203527622,0.2659414691243594
2203546779,0.46094287507236353
2203540825,0.6763064830009002
2203552535,1.3381256150454537
2203558187,0.39278340231730235
2203515643,0.30793028873639283
2203549475,0.2657064192146457
2203554640,1.0921795650560495
2203527230,0.5198603854199589
2203545672,0.0
2203481309,0.05198603854199589
2203550125,0.8067269062302147
2203546661,0.0
2203532642,0.036620409622270325
2203533374,2.0005150967203296
2203541237,0.7542401528378695
2203527571,0.3137091176035907
2203558974,0.0
2203555345,0.0
2203554840,0.1617343421306539
2203534697,0.0
2203555222,0.27319286548025296
2203533976,0.0
2203497088,0.0
2203548806,0.0
2203559265,0.06931471805599453
2203526332,0.0
2203524544,0.286830904717425
2203517293,0.295863800955531
2203523348,0.0
2203557155,0.0
2203506214,0.0
2203535407,0.020386681781174858
2203550029,0.0
2203509573,1.4826142578063917
2203485325,0.24440485663822709
2203515100,1.2634624377863797
2203518254,0.6336971545383163
2203532910,0.10986122886681098
2203555723,0.15197121971179783
2203551115,0.5832632403678473
2203542126,0.023104906018664842
2203542486,0.15607104090414067
2203539938,0.0
2203532553,0.47065724228069766
2203527517,0.9394672337356551
2203528025,0.08086717106532695
2203556686,0.30723098671861476
2203549937,0.0
2203491048,0.13862943611198902
2203557529,0.10986122886681098
2203550041,0.255297273695029
2203556227,0.0
2203507585,0.2718473401330013
2203552726,0.5056103134478644
2203540079,0.40943445622221003
2203546275,0.0
2203511633,1.4826142578063917
2203557969,0.1208738046019627
2203559414,0.2290818478789968
2203542228,0.23930081233617156
2203558582,0.13862943611198905
2203551805,0.0
2203546186,0.6877451218005856
2203559032,0.0
2203550433,0.6221733418282959
2203552569,0.870786368759951
2203548963,0.2039651472824962
2203528926,0.0
2203546403,0.013862943611198905
2203554859,0.49076645316766204
2203556427,0.6344188919866613
2203526421,0.09634572526320548
2203557101,0.1178350206951907
2203554655,0.21645372712481806
2203529216,0.11090354888959124
2203541092,1.2041481683683344
2203545370,0.5013354384234886
2203557908,0.0
2203556779,0.13862943611198905
2203508658,0.491018659018608
2203559009,0.29186076031157643
2203540186,1.0772275111965035
2203546620,0.42483496128834897
2203504160,0.295863800955531
2203558416,0.48311838634640114
2203502998,0.49600896355615365
2203556412,0.30658559492439735
2203556529,0.7312859618639613
2203502802,0.0
2203544056,0.33887195494041766
2203542530,0.0
2203554128,0.08668148257991404
2203498861,0.3350211372706402
2203509485,0.0
2203542038,0.0
2203458135,0.3465735902799726
2203542161,0.38393175740777336
2203534226,0.0
2203495656,0.0
2203557298,0.0
2203531138,1.0986122886681096
2203529169,0.1425555373005352
2203517130,0.0
2203559206,1.3815284782653352
2203554181,0.39356515517383184
2203558159,0.06931471805599453
2203543340,0.3137590983964828
2203558766,0.7871650556935077
2203551466,0.17394694570578406
2203559361,0.22826423905243565
2203497513,0.33349984430148183
2203544565,0.0
2203555910,0.7837661183814848
2203558107,0.39190350113565253
2203558577,0.05545177444479562
2203537207,0.0
2203546146,0.1633934008288368
2203546115,0.04158883083359671
2203452008,0.3930092528736083
2203558478,0.06931471805599453
2203508776,0.9128005866693295
2203558352,0.507886640994831
2203556367,0.11462418696676427
2203552523,0.06931471805599453
2203534691,0.2170326736063426
2203474130,0.44361419555836495
2203552112,0.1676234939134731
2203557428,0.06931471805599453
2203524416,0.8416787192513622
2203490698,0.1949702454853417
2203553546,0.5625384089008659
2203542548,1.6834461415481599
2203559719,0.0
2203554119,0.0
2203541130,0.0
2203558231,0.06931471805599453
2203508885,0.35524543162983513
2203473932,0.6931471805599453
2203553012,0.0877986428709264
2203553475,0.42766661190160554
2203551706,0.07695047415494582
2203526783,0.4667191015770299
2203527027,0.2293987097567438
2203538180,0.0
2203514606,0.38821455166607854
2203549671,0.3573315717970974
2203555989,0.06931471805599453
2203539918,0.0
2203543592,0.0
2203559014,0.10259797429846147
2203534416,0.6078987997296874
2203554071,0.0
2203537980,0.018310204811135163
2203517184,1.1620633946441217
2203557426,0.2906006558237869
2203513397,0.0
2203524082,0.0
2203557936,0.3223204320320835
2203546232,0.0
2203480513,0.28701063898019064
2203558426,0.0
2203544789,0.4678892621092089
2203555150,0.6328201071636116
2203555111,0.2772588722239781
2203544291,0.0
2203495940,0.3322155415398023
2203546727,0.0
2203557584,0.2889547014459392
2203547861,0.0
2203542610,0.15432389737867633
2203464350,0.0
2203546565,0.0
2203543353,0.0
2203554004,0.08788898309344878
2203525507,0.05493061443340549
2203536050,0.329244910765974
2203528775,1.2679757975259698
2203502917,0.19356005054539455
2203558144,0.0
2203557100,0.5665218985699004
2203557251,0.6104793232414985
2203555217,0.190740501201705
2203548434,0.13862943611198905
2203558712,0.2772588722239781
2203559468,0.4158883083359671
2203557871,0.10892312837370569
2203544294,0.0
2203545900,0.2639057329615258
2203533460,0.7224024808285828
2203509908,0.2075551482431383
2203548133,0.12424533248940002
2203557280,0.06931471805599453
2203508007,0.11090354888959124
2203547978,0.3350211372706402
2203559901,0.2890371757896165
2203518405,0.491018659018608
2203468215,0.0
2203503544,0.6238324625039507
2203558788,0.44499529141560423
2203545107,0.3581260432893051
2203494361,0.0
2203556150,0.12707698310265664
2203545479,1.2130075659799042
2203432844,0.6871558291264581
2203554076,0.20794415416798362
2203551025,0.34657359027997264
2203548974,0.04620981203732969
2203555241,0.4125354977113204
2203546220,0.33477516398886253
2203526130,2.5590455678734627
2203550132,0.35835189384561106
2203559781,1.0191077855240787
2203558750,0.9115913483944071
2203556775,0.2772588722239781
2203548082,0.0
2203557526,0.0
2203503938,0.5116086332704357
2203540949,0.0
2203518511,0.0
2203512492,0.4620981203732968
2203557188,0.3256575854118868
2203557663,1.544149653153792
2203557849,0.3727359974682001
2203484080,0.07788992515828164
2203556497,0.10397207708399178
2203559007,0.19356502228914316
2203549191,0.5771362510861278
2203556155,0.2311619854648014
2203542834,0.6931471805599453
2203557052,0.3304080590449754
2203504962,0.0
2203554245,0.2442431890589151
2203556193,0.0
2203559718,1.4665686985891973
2203559246,0.2831480240067973
2203544536,0.0
2203529333,0.3354337248781164
2203513630,0.29453254005697993
2203542967,1.7124009311686752
2203550055,0.34657359027997264
2203559653,0.13143738430069454
2203477647,0.3629395653765269
2203545208,0.0
2203542608,0.2151926686183546
2203556375,0.3349297379514537
2203499291,1.0123012330611068
2203524551,0.0
2203504585,0.18483924814931876
2203551575,0.24849066497880004
2203534794,0.3270232851872562
2203542171,0.0
2203552526,1.0321227503838164
2203554316,0.0
2203525298,0.05545177444479562
2203498529,0.0
2203544614,0.9301246510849464
2203556126,0.2465770534475272
2203527944,0.21441237263012516
2203494119,0.20060009475490795
2203524582,0.4025351690735149
2203544163,0.9457333138568492
2203559154,0.20794415416798356
2203547266,0.5354561969825578
2203544640,0.03465735902799726
2203557390,0.012602676010180825
2203532569,0.5826831019008769
2203481711,0.0
2203528924,0.0
2203559903,0.6943108276434053
2203544617,0.3137091176035907
2203555829,0.08239592165010823
2203521590,0.0
2203550934,0.06931471805599453
2203555371,0.06436366676628062
2203529183,0.0
2203552536,1.0304682298930303
2203516450,0.06931471805599453
2203506094,0.19435917087792812
2203550821,0.0
2203540307,0.5357037807285511
2203558439,0.3342305863833964
2203544894,0.49828422998607547
2203533931,0.0
2203547845,0.4332169878499658
2203549753,0.0
2203472271,0.0
2203552144,0.6866933284461882
2203535037,0.6931471805599453
2203506169,0.0
2203555575,0.2520694377921696
2203521214,0.4174387269895637
2203558683,0.3358940324061045
2203552315,0.13862943611198905
2203557328,0.2639057329615258
2203556520,0.06931471805599453
2203556108,0.15527106423322254
2203545125,0.13862943611198902
2203541759,0.2772588722239781
2203553316,0.23390198348307534
2203558308,0.0
2203558470,0.30084956942299856
2203551163,1.3208078637353589
2203557794,0.24763558536118307
2203540175,1.03686469540866
2203539696,0.08664339756999315
2203537634,0.41588830833596724
2203546082,0.2749483816221116
2203542586,0.38624931752311414
2203557857,0.05776226504666211
2203534118,0.11593764919017327
2203558864,0.35692977580683344
2203507723,0.06931471805599453
2203537972,0.3401197381662156
2203490197,0.20471722811110507
2203548758,0.1178350206951907
2203555137,0.06931471805599453
2203553071,0.40739335649619735
2203507395,0.0
2203552123,0.5994504017358919
2203485490,0.0
2203556188,0.32958368660043297
2203558963,0.24919356507898832
2203553112,0.4394449154672439
2203552178,0.0
2203553931,0.6147380497023464
2203553247,0.7996104286908483
2203520385,0.33322075498347153
2203543310,0.5434207213590472
2203522879,0.0
2203548676,0.27220873059916
2203552216,0.0
2203526047,0.3404656711703827
2203556164,0.13862943611198905
2203551363,0.2593014697290296
2203539341,0.0
2203513332,0.0
2203527481,0.3366714877005449
2203502342,0.0
2203531547,0.10986122886681098
2203521558,0.7901007051992421
2203498457,0.6716173305100649
2203554485,0.45727054496081465
2203528718,0.2772588722239781
2203522572,0.3202144056589673
2203544140,0.0
2203522904,0.0
2203532277,1.1775164091391634
2203553084,0.6746337991269832
2203551733,0.1917858229015363
2203546659,0.0
2203531800,0.0
2203515449,0.0
2203556679,0.0
2203556047,0.5083079324106266
2203557080,0.0
2203531751,1.1332328263902607
2203507023,1.0753448506227348
2203546481,0.13956753660509436
2203512285,0.0
2203507642,0.36652964954537076
2203518583,0.519295685089021
2203555866,0.39120230054281463
2203531690,0.0
2203496659,0.05493061443340549
2203514677,0.0
2203558837,0.0
2203557303,0.3119162312519754
2203554807,0.0
2203557575,0.8532224504143249
2203557148,0.9114861742408905
2203554889,0.578074351579233
2203503354,0.01980420515885558
2203549095,0.3956299681618048
2203531757,0.28650083463144405
2203458370,0.5314128384292914
2203522178,0.13862943611198905
2203517754,0.6373196412760921
2203558202,0.16479184330021648
2203556891,0.3859238336083174
2203554765,0.1178350206951907
2203553396,0.3002248119405191
2203522974,0.7539669467761699
2203525612,0.3315809780656795
2203520731,0.1732867951399863
2203556785,0.33322045101752035
2203550663,0.2351957108580351
2203531573,0.2547296341434896
2203509204,0.2210253577620973
2203553542,0.5206855178409502
2203558387,0.09474749152736225
2203496958,0.029706307738283366
2203558184,0.3350211372706402
2203537219,0.3526885926190978
2203549148,0.0
2203551866,0.5524450365873924
2203548374,0.28534558933051085
2203546947,0.39219096882964427
2203541327,0.7145670170931522
2203555227,0.30580022671762286
2203498858,0.3350211372706402
2203531444,0.6782376893753337
2203477653,0.0
2203556878,0.30445224377234226
2203545011,0.43025363153978846
2203546476,0.0
2203539133,0.06931471805599453
2203559137,0.19356005054539455
2203549216,0.2891110849818875
2203556792,0.28426995366357155
2203559013,0.41068870716806033
2203527165,0.11352326982903801
2203557414,0.05776226504666211
2203555372,0.1732867951399863
2203474115,1.4516156684614092
2203474122,0.0
2203522054,0.5401175732352839
2203557107,0.3368965370778577
2203506131,0.2639057329615258
2203557724,0.7049254841255836
2203549359,0.36017027605415475
2203527309,0.41328250827901647
2203558840,0.18483924814931874
2203548227,0.31780538303479455
2203522015,1.0436816742347044
2203557607,0.19650462643680414
2203555889,0.012602676010180825
2203552557,0.13862943611198905
2203556141,0.5257495372027782
2203551701,0.8586165755290797
2203524314,0.0
2203523734,0.0
2203535715,0.13862943611198905
2203526003,0.0
2203493058,0.21179497183776105
2203486752,0.0
2203516081,0.0
2203553227,0.06931471805599453
2203500963,0.42073514009600615
2203553087,0.023104906018664842
2203555441,0.046209812037329684
2203553716,0.0
2203552666,0.29932145821986267
2203552249,0.0
2203549027,1.4157683328684814
2203552288,0.6883619858073439
2203554341,0.4661224477395039
2203501899,0.0
2203530459,0.3350211372706402
2203559396,0.4913832451837277
2203549607,0.0
2203478970,0.2426015131959809
2203554916,0.01980420515885558
2203556215,0.1732867951399863
2203548098,1.3027481728491435
2203553052,0.6139293770813896
2203543578,0.0
2203556638,0.38712010109078915
2203532502,0.2709050230688453
2203520295,0.9520321513309851
2203539469,0.8788898309344878
2203523135,1.216082468252587
2203508812,0.0
2203531938,0.5434207213590472
2203550418,0.18650002884725958
2203503436,0.28059116420838814
2203536702,0.0
2203553189,0.22821740957339182
2203539553,0.0
2203559752,0.3452706902514973
2203529963,0.3280896654650408
2203555446,0.5850348997412687
2203555684,0.03465735902799726
2203531844,0.0
2203556432,0.22359642836965885
2203554707,0.10986122886681098
2203517848,0.279734397868835
2203559630,0.08664339756999316
2203545475,0.0
2203555682,0.0
2203557009,0.358351893845611
2203558023,0.11090354888959124
2203492549,0.0
2203552960,0.2682948701376556
2203531990,0.23738470684560498
2203528735,0.0
2203553076,0.11090354888959124
2203508321,0.0
2203526453,0.0
2203531925,0.0
2203531391,0.39063751887652326
2203522112,0.13862943611198905
2203558183,0.0
2203555144,0.9382474580114716
2203558232,0.3137091176035907
2203534965,0.40739335649619735
2203536628,0.06931471805599453
2203542119,0.24849066497880004
2203558735,0.6068425588244111
2203544597,0.7994626733989355
2203545956,0.0
2203489879,0.42224215749110006
2203542706,0.10012125941421432
2203559850,0.0
2203523788,0.0
2203505015,0.04332169878499658
2203558628,0.558688584275568
2203559747,0.2456625554390906
2203557947,0.3315387059163429
2203525292,0.33265351915389246
2203502677,0.6225295624754754
2203559428,0.2639057329615258
2203537639,0.5604068962307754
2203545043,0.018310204811135163
2203544738,0.0
2203525452,0.25299872090438
2203537516,0.6976601943928057
2203556424,0.47699914156113865
2203559366,0.23382793615926273
2203502515,0.2529726660219612
2203504524,0.6931471805599453
2203546067,0.8933911797956553
2203551405,0.13862943611198905
2203489719,0.6317020659841631
2203554246,0.19068322982087677
2203556708,0.2934548914926741
2203518937,0.45015666143911914
2203499328,0.0
2203528732,0.0
2203554173,0.12372417247800989
2203558393,0.37429947750237047
2203559764,0.3455312702571924
2203555020,0.24922732207907988
2203516277,0.0
2203532275,0.2657064192146457
2203542999,0.06591673732008659
2203523761,0.36761447028374894
2203535638,0.06023779069151906
2203552583,0.48520302639196167
2203531094,0.496717269731281
2203529786,0.3642410456284302
2203514265,0.0
2203502548,0.5297733128428914
2203542628,0.36848222881616577
2203525241,0.3113255811602994
2203559817,0.0
2203556348,0.06931471805599453
2203557197,0.4038372803708752
2203515757,0.16094379124341004
2203503465,0.023104906018664842
2203443537,0.17328679513998632
2203521246,0.2165490582276821
2203512819,0.17254584345657994
2203553110,0.4394449154672439
2203496536,0.10986122886681098
2203524405,0.20794415416798356
2203528720,0.0
2203558691,0.0
2203472274,0.0
2203556692,0.21102480830380554
2203553695,0.19579559935218407
2203529942,0.0
2203558490,0.4787666597153336
2203551563,0.18483924814931874
2203555726,0.6886499675472477
2203505877,0.18257392765871344
2203508947,0.0
2203510097,0.06931471805599453
2203527960,0.0
2203524941,1.0050634118119208
2203483515,0.3765545717261702
2203554466,0.23682528669131467
2203537768,0.48520302639196167
2203555574,0.0
2203549584,0.38680984683346764
2203558405,0.16094379124341004
2203512813,0.0
2203509649,1.4739810571434737
2203482488,0.38964102454897437
2203531551,0.2947525867809672
2203472323,0.1617343421306539
2203505640,0.0
2203558019,0.23462772136760113
2203557924,0.06931471805599453
2203559508,0.0
2203548411,0.9110846761680838
2203519620,0.06931471805599453
2203559815,0.24155919317320057
2203552763,0.19595925639359596
2203510540,0.0
2203541541,0.0
2203559417,0.27890054808691234
2203557065,0.0
2203549808,0.16094379124341002
2203539875,0.0
2203557047,0.27032740041837866
2203549173,0.0
2203550096,0.21579635654507584
2203558812,0.426342227598197
2203555461,0.5740092598362793
2203544541,0.10986122886681098
2203539713,0.3137091176035907
2203543609,0.21769592092419612
2203504199,0.0
2203518044,0.36967849629863747
2203518255,0.9754976377935591
2203556022,0.2772588722239781
2203554788,0.3109789026132608
2203549718,0.21808078187068772
2203541978,0.9528744101367795
2203557137,0.0
2203556168,0.16635532333438685
2203526320,0.0
2203551763,0.0
2203552314,0.5567266863412681
2203535492,0.37302263235631383
2203543315,0.0
2203550676,0.0
2203555249,0.21645372712481806
2203552335,0.1178350206951907
2203551951,0.20324327340360032
2203558254,0.478922484677029
2203556724,0.2629215980804329
2203557721,0.23540946138468635
2203545027,0.19606163107267024
2203537526,0.0
2203527184,0.44321892011474306
2203503073,0.32033301844448897
2203538264,0.06103401603711721
2203478595,0.3696784962986375
2203553933,0.29458755173797674
2203476403,0.6931471805599453
2203554096,0.09473011467652585
2203536972,1.0731471992001311
2203546363,0.46051701859880917
2203507836,0.4813965579523313
2203545422,0.06931471805599453
2203535654,0.21685604648946857
2203543700,0.14621757826276222
2203558195,0.4174387269895637
2203532550,0.9252759549518694
2203537724,0.0
2203506709,0.0
2203553506,0.06931471805599453
2203548667,0.0
2203548101,0.0
2203511805,0.2628747686013891
2203540385,0.2851355447303411
2203520585,0.21024629776712547
2203536603,0.0
2203502971,0.17823784642970023
2203534749,0.16982105923718657
2203556618,0.7664314479159893
2203556477,0.7261204644512345
2203555197,0.21383330595080277
2203537252,0.8492773444914198
2203502921,0.6897288444547993
2203508006,0.38465500693677257
2203556575,0.2593014697290296
2203556943,0.4412008151784332
2203558960,0.45643481914678363
2203547657,0.37168661500355643
2203517909,0.5456441033718279
2203557451,0.15693964092312424
2203538478,0.0
2203521566,0.0
2203527152,0.8394308696205097
2203549987,0.42590043427738855
2203502958,0.6439639343509507
2203535218,0.10892312837370569
2203522503,0.19826710096586864
2203531763,0.0
2203555761,0.19459101490553127
2203553653,0.24883810498639342
2203538193,1.4334075753824438
2203527724,0.4004618846905979
2203552935,0.06931471805599453
2203555099,0.046209812037329684
2203553601,0.2639057329615258
2203540128,0.0
2203549112,0.33322045101752035
2203524532,0.6452001684846486
2203552106,0.08776137573773335
2203554204,0.13862943611198905
2203539873,0.0
2203514892,0.11552453009332422
2203551188,0.2772588722239781
2203545471,0.11901633127237857
2203551355,0.3871201010907891
2203531736,1.1573009207434195
2203520096,0.4779197824922016
2203543175,1.0710600798741652
2203501149,0.9481814342649185
2203532538,0.0
2203511237,0.3137091176035907
2203556788,0.13862943611198905
2203555880,0.22296234308011575
2203501393,0.0
2203532035,0.28701063898019064
2203558926,0.10986122886681098
2203541182,0.3871201010907891
2203557456,0.5279471025264917
2203499509,0.0
2203507154,0.5097561516122655
2203555762,0.19459101490553127
2203554757,0.08239592165010823
2203548829,0.20794415416798356
2203532273,0.7474350455306732
2203551553,0.0
2203515016,0.3997148741229018
2203540662,0.21972245773362195
2203527739,0.146331071451544
2203544662,0.1441928628876894
2203544867,0.10986122886681098
2203500187,0.3374416512345003
2203547202,0.0
2203525918,1.1064562415367303
2203525311,0.0
2203531236,0.0
2203556810,0.03465735902799726
2203557886,0.2670609239564605
2203525737,0.30770486191073665
2203520183,0.8342267602896669
2203488057,0.9284617522298623
2203553868,0.6850005761387008
2203492271,0.6628294141630929
2203529107,0.0
2203557755,0.2353653613110144
2203541444,0.3352469878269461
2203502883,0.11038238887820111
2203547284,0.0
2203544233,0.3579001504814717
2203544669,0.31997342364930115
2203534002,0.4267631357362087
2203535778,0.3119162312519753
2203551711,0.24794529493559186
2203557590,0.8089023069649718
2203537679,0.0
2203559799,0.13862943611198905
2203532791,0.09617417130269242
2203558162,0.0
2203501421,0.2553092115062465
2203556703,0.0
2203555247,0.19356005054539455
2203539871,0.0
2203558887,0.13862943611198905
2203543027,0.0
2203558994,0.13862943611198905
2203550827,0.0
2203548726,0.06931471805599453
2203536293,0.3760048396132719
2203555985,0.13862943611198905
2203528308,0.3169019068693978
2203549599,0.1510070643362738
2203556381,0.17213154983905307
2203502233,0.0
2203556551,0.2639057329615258
2203547965,0.6931471805599453
2203531351,0.3467111194824647
2203491452,0.6931471805599453
2203510148,1.4259867152323118
2203558419,0.2353812300651481
2203496307,0.0
2203542373,0.8248208037715464
2203529065,0.3541918959823552
2203486879,1.9233771308170873
2203558930,0.0
2203543589,0.17401642885684598
2203510182,0.3159870956457401
2203511573,0.0
2203554031,0.0
2203553997,0.0666487673615332
2203557311,0.13862943611198905
2203553055,2.7097083503247097
2203515821,0.38890639558282586
2203512498,0.0
2203549847,0.0
2203557189,0.28903717578961646
2203549551,0.4620981203732969
2203534703,0.0
2203558853,0.19639170115865118
2203555862,0.21769592092419612
2203539142,0.45523855166431193
2203555697,0.2772588722239781
2203523950,0.10397207708399178
2203538581,1.268744269848621
2203558817,0.6122788736733608
2203540389,0.34255196491639367
2203554643,0.43090276217253176
2203556717,0.8788898309344878
2203508097,0.06931471805599453
2203546281,0.8062124026072128
2203558662,0.26389103374175066
2203530753,0.0
2203494050,0.17603854619259265
2203530912,0.09241962407465937
2203516760,0.10986122886681098
2203498912,0.44183994855569786
2203554664,0.0
2203506199,0.8143333131957862
2203557993,0.5994507649387749
2203549470,0.031991408333535934
2203541483,0.33923592928433915
2203552279,0.9741607357172215
2203557224,0.14451858789480826
2203505404,0.06931471805599453
2203549298,0.0
2203488712,0.27725887222397816
2203552327,0.399467253237776
2203554241,0.7690286020676769
2203541699,0.0
2203524807,0.1723774995791153
2203547140,0.01732867951399863
2203559822,0.7576787212677943
2203530935,1.2937350277606245
2203554624,0.4247059684201127
2203541132,0.2625273285937957
2203501207,0.39627164299869166
2203514977,0.28553420605613217
2203536880,0.7556512702592817
2203541416,0.06931471805599453
2203536771,0.0
2203546059,0.0
2203559599,0.22580746287858716
2203557847,0.06931471805599453
2203556565,0.42177746011878636
2203558988,0.09678002527269727
2203545168,0.05776226504666211
2203554162,0.0797119257643937
2203542615,0.17721289632853243
2203451495,0.2426015131959809
2203524163,0.4237405107130594
2203551102,0.358351893845611
2203530437,0.5624637678428537
2203526167,0.10875809333071522
2203524621,0.8586345277100774
2203496252,0.0
2203553577,0.2413553597618964
2203472638,0.1514500597004077
2203527729,0.0
2203556801,0.13862943611198905
2203532916,0.0
2203556074,0.0
2203552993,0.0
2203525717,0.26876392038420827
2203558730,0.5969404562449834
2203491316,0.34070059666433644
2203539702,0.3134990673461112
2203535990,0.2941985890564408
2203526493,0.0
2203540718,0.7412011003731032
2203520055,0.19072839993213792
2203550240,0.3853481508157611
2203490208,0.47475745331729025
2203511677,0.0
2203491655,0.01732867951399863
2203550994,0.8688985637040613
2203529768,0.2992020911176418
2203531111,0.24260151319598083
2203556973,0.36279219460429923
2203512681,0.3312461431663908
2203530002,0.2668503088529354
2203540844,0.0
2203529367,0.09473011467652585
2203526832,0.33667492795126375
2203542996,0.0
2203531519,0.06931471805599453
2203559650,0.3871201010907891
2203550898,0.09241962407465937
2203502317,0.5698816696357953
2203537517,0.21972245773362195
2203519006,1.1892335880116687
2203540151,0.31997342364930115
2203553770,0.0935748693755926
2203547919,0.0
2203556440,0.7021348252196061
2203512410,1.0813096016735149
2203550551,0.9344919649968327
2203537281,0.5524450365873924
2203553373,0.03465735902799726
2203557998,0.6346248435650133
2203558629,0.26546886877397763
2203549062,0.5045700400190021
2203523061,0.0
2203536893,0.17823784642970023
2203547772,0.0
2203502399,0.23403402927039835
2203513576,0.6931471805599453
2203539335,0.0
2203526674,0.0
2203529016,0.1723774995791153
2203556293,0.539835223069815
2203557616,0.32177478366506357
2203556423,0.2649158683274019
2203532417,0.0
2203559222,0.29252639755968124
2203508697,0.0
2203477385,0.30908458063871874
2203500613,0.0
2203507308,0.5684675584548894
2203540121,0.15607104090414065
2203550884,1.0546677971213854
2203555401,0.42775346150966803
2203536054,0.522753867567893
2203557816,0.13862943611198905
2203556630,0.021972245773362195
2203504534,0.41990519386922004
2203553886,0.3273947854498539
2203554444,0.6002853810337746
2203534087,0.06931471805599453
2203556733,0.3560027368450344
2203555923,0.1381082761005989
2203559524,0.4045617058829407
2203557761,0.08664339756999316
2203558418,0.22538575896013519
2203534587,0.25569788336458543
2203555755,0.0
2203516361,0.18826441572985045
2203558139,0.0
2203542640,0.03465735902799726
2203527600,0.0
2203558800,0.06931471805599453
2203550581,0.29884110028006755
2203521123,0.0
2203529202,0.23765046190626693
2203501958,0.06733429754010897
2203533628,0.3171148351061749
2203467525,0.0
2203550681,0.22022352623476596
2203556808,0.046209812037329684
2203523620,0.0
2203530652,0.0
2203556437,0.05198603854199589
2203523367,0.037808028030542465
2203540822,0.0
2203529358,0.0
2203520176,0.0
2203558146,0.0
2203557612,0.13862943611198905
2203556238,0.60354385258676
2203557882,0.05545177444479562
2203534491,0.7175653601413463
2203506567,0.8664339756999316
2203551637,0.47689476150421967
2203555194,0.023104906018664842
2203507411,0.0
2203550800,0.04043358553266348
2203556392,0.23443518048411222
2203520875,0.219722457733622
2203557408,0.0
2203510820,0.3379092505229733
2203502014,0.13183347464017317
2203545001,0.5316386889855973
2203551938,0.8671115273688494
2203558374,0.1536476250241212
2203558869,0.0
2203526886,0.0
2203508677,0.05776226504666211
2203552298,0.34334666422309407
2203552376,0.03465735902799726
2203540753,0.5654365628581501
2203533072,0.12130075659799042
2203549559,0.0
2203504108,0.27614879703430606
2203533446,0.0504107040407233
2203553481,0.0
2203558072,0.20794415416798356
2203551505,0.1886158688281365
2203544668,0.0
2203528314,0.6538948635219882
2203557574,0.0
2203530006,0.0
2203559066,0.03960841031771116
2203532315,0.0
2203548367,0.19552310113966762
2203526917,0.3009414008931096
2203512365,0.44641979128920284
2203541247,0.07611027864971949
2203536011,0.0
2203530847,0.16544329331445415
2203548019,0.19523645585771793
2203554538,0.24849066497879999
2203546417,0.06931471805599453
2203524180,0.0
2203506508,0.14375421260241758
2203501632,0.0739356992597275
2203553191,0.5981333571637487
2203508653,0.0
2203557317,0.28853916874448576
2203556237,0.11090354888959124
2203518359,0.19225715051691922
2203554741,0.02772588722239781
2203506189,0.5254389742028142
2203557783,0.06931471805599453
2203558486,0.11436928479239097
2203514680,0.23941083569816524
2203536254,0.13862943611198905
2203551857,0.0
2203522926,0.0
2203555861,0.04265521111138125
2203504926,0.011552453009332421
2203540829,0.0
2203543219,0.188139949009128
2203537731,0.0
2203544659,0.11090354888959124
2203532151,0.01732867951399863
2203553048,1.0186241219052128
2203466133,1.4483973573753264
2203447417,0.0
2203555275,0.3295836866004329
2203488688,0.0
2203526659,0.20794415416798354
2203472170,0.0
2203534209,0.025993019270997945
2203514849,0.4866891781062731
2203544859,0.13862943611198905
2203506179,0.14051076629277043
2203551708,0.0855333223803211
2203556300,0.03465735902799726
2203557163,0.13862943611198905
2203558036,0.3475116907730779
2203559056,0.05075656874411044
2203501363,0.0
2203514401,0.1791759469228055
2203538017,0.0
2203512264,0.3049847594463759
2203558070,0.1848392481493187
2203556593,0.08047189562170502
2203558453,0.09010913347279288
2203524664,0.0
2203553703,0.28903717578961646
2203513675,0.13862943611198905
2203558361,0.046209812037329684
2203518713,0.18375349812558933
2203499462,0.08664339756999316
2203527020,0.5584612467396225
2203558862,0.44596985627149266
2203526972,0.2519107026099757
2203553252,0.06931471805599453
2203550334,0.0
2203556190,0.06398281666707187
2203488167,0.0
2203556138,0.0
2203486538,0.0
2203512610,0.13862943611198905
2203556623,0.20888225466108884
2203536295,0.0
2203557785,0.0
2203556156,0.29651296057286547
2203555214,0.10986122886681098
2203559454,0.1925408834888737
2203505317,0.0
2203519516,0.06931471805599453
2203488077,0.30498475944637593
2203523785,0.10166158648212531
2203503194,0.18495217342747172
2203501501,0.24849066497880004
2203519193,0.07701635339554948
2203526345,0.9848028921803806
2203553459,0.06931471805599453
2203502797,0.0
2203531996,0.24849066497880004
2203558878,0.666210553657987
2203512461,0.1732867951399863
2203558746,0.0
2203517279,0.4579722442985353
2203555337,0.29860223825069865
2203487076,0.544247058524225
2203553917,0.0
2203557879,0.007701635339554948
2203541644,0.9831137510941892
2203482014,0.1467480717607044
2203512416,1.497197910009482
2203545276,0.17328679513998632
2203536641,0.0
2203524541,0.023104906018664842
2203519877,0.11783502069519067
2203556230,0.0
2203505330,0.226338059868557
2203533113,0.01732867951399863
2203498115,0.21409546031580998
2203502335,0.0
2203520608,0.1310216813889526
2203532619,0.0
2203528580,0.19002256148855207
2203537266,0.0
2203510982,0.1352314553760811
2203513405,0.0
2203556266,0.0
2203554793,0.5086467082450855
2203480299,0.19356005054539455
2203554129,0.2356700413903814
2203540540,0.7317399906130998
2203559216,0.0
2203514439,0.0
2203517733,0.38123094930796986
2203508204,0.30012491583588147
2203527865,0.4692440870725587
2203522920,0.25569788336458543
2203553465,0.10397207708399178
2203558410,0.0
2203550303,0.0
2203539554,0.07921682063542232
2203557730,0.12738823750586334
2203528310,0.37575345772107216
2203550907,0.007701635339554948
2203533271,0.08664339756999316
2203557999,0.0
2203510770,0.0
2203485850,0.13862943611198905
2203546471,0.0
2203471106,0.1467480717607044
2203526430,0.5993291322817778
2203501631,0.19061547465398493
2203513711,0.13862943611198905
2203505882,0.24849066497880004
2203494607,0.0
2203528680,0.09241962407465937
2203518122,0.31437874504637675
2203542882,0.0
2203556420,0.0
2203557128,0.3949723034678813
2203529837,0.23765046190626693
2203527337,0.19061547465398496
2203503338,0.21972245773362195
2203554598,0.05776226504666211
2203542339,0.0
2203488249,0.0
2203546693,0.47248893789639
2203546159,0.23765046190626693
2203533206,0.1791759469228055
2203550230,0.0
2203538198,0.0
2203554979,0.10892312837370569
2203553318,0.2142949144319375
2203554668,0.17675253104278604
2203553926,0.05545177444479562
2203545211,0.402778024542043
2203548815,0.5316386889855973
2203526569,0.062383246250395076
2203547910,0.20912198452454742
2203559060,0.26581934449279865
2203502165,0.06931471805599453
2203559103,0.0
2203545656,0.0
2203550447,0.25019312517354214
2203523262,0.05493061443340549
2203557325,0.2596478425445105
2203556024,0.257501000714537
2203559584,0.01732867951399863
2203557564,0.12130075659799042
2203550014,0.1514500597004077
2203544677,0.20794415416798356
2203527303,0.19066896557521532
2203541796,0.15086144518069394
2203500924,0.9074542221581055
2203555359,0.3119162312519754
2203501134,0.15513294041103537
2203554832,0.0
2203559133,0.08086717106532695
2203556948,0.01732867951399863
2203550191,0.0
2203539070,0.0
2203476122,0.26408547682911404
2203530675,0.0
2203543494,0.1316979643063896
2203547002,0.11487308007908655
2203548584,0.1316979643063896
2203544758,0.4996247471272108
2203542040,0.13862943611198902
2203514788,0.06931471805599453
2203555006,0.13862943611198905
2203503039,0.0
2203515525,0.5025317059059604
2203537029,0.329244910765974
2203546279,0.48520302639196167
2203557249,0.6238324625039507
2203529938,0.6778350425614501
2203532063,0.04394449154672439
2203547654,0.1178350206951907
2203532269,0.06931471805599453
2203553271,0.04394449154672439
2203521054,0.0
2203505459,0.21748786870525483
2203513798,0.1481731506492603
2203545100,0.0
2203554270,0.0
2203547245,0.0
2203552147,0.0
2203515002,0.0
2203542131,0.0
2203517856,0.27923929273986364
2203506156,0.06931471805599453
2203505411,0.0
2203520441,0.0
2203555412,0.20794415416798356
2203541186,0.0
2203525826,0.30274141185512143
2203558084,0.15607104090414065
2203536283,0.2915498080135845
2203505155,0.0
2203502944,0.0
2203557337,0.3490397353448039
2203528264,0.34602637538616376
2203557972,0.1791759469228055
2203501725,0.25250361577540864
2203552988,0.13862943611198905
2203559205,0.10986122886681098
2203530735,0.19373110522442394
2203558388,0.0
2203489992,0.18593369872460824
2203481578,0.0
2203557233,0.3119162312519754
2203546574,0.23707560737689137
2203536590,0.22312043846952992
2203513404,0.0
2203546276,0.20596373365209802
2203554332,0.4156163726676286
2203505500,0.23462772136760113
2203535754,0.0
2203520644,0.2554221367843995
2203537581,0.10986122886681098
2203554880,0.13862943611198905
2203526075,0.07921682063542232
2203553875,0.10986122886681098
2203546493,0.21645372712481806
2203539296,0.09241962407465937
2203514587,0.0
2203558062,0.08664339756999315
2203538196,0.0
2203557928,0.34657359027997264
2203501600,0.08788898309344878
2203559012,0.1791759469228055
2203538105,0.0
2203518528,0.03960841031771116
2203548786,0.0
2203513019,0.1155245300933242
2203558917,0.27725887222397805
2203551515,0.1653130033116066
2203557267,0.6009534070415918
2203549122,0.0
2203552826,0.616060280357258
2203544526,0.1779077763437193
2203552482,0.09624192646958418
2203529527,0.0
2203555102,0.18483924814931876
2203489391,0.28788112771827334
2203547052,0.06931471805599453
2203521258,0.023104906018664842
2203514453,0.13982338219412307
2203529525,0.10986122886681098
2203555544,0.30036377824264293
2203532843,0.33071286142819367
2203502299,0.0
2203547193,0.0
2203522860,0.4854288769482677
2203520576,0.0
2203529206,0.358351893845611
2203545270,0.3017535486668525
2203497318,0.3119162312519754
2203515006,0.13862943611198905
2203549717,0.0
2203551551,0.06931471805599453
2203549647,0.0
2203555943,0.05198603854199589
2203515554,0.26963252040319186
2203501249,0.12872733353256127
2203553342,0.06931471805599453
2203558223,0.07921682063542232
2203530592,0.329244910765974
2203548245,0.06931471805599451
2203543484,0.33774671601093725
2203555623,0.5801777216356935
2203538647,0.10986122886681098
2203542935,0.2831480240067973
2203552921,0.1791759469228055
2203538197,0.0
2203544067,0.27386089148807014
2203557301,1.2924025638959276
2203506336,0.5236831119632074
2203533810,0.44152955551280443
